name,product,offer,is_celeb,celeb_name,source_v2,spend,cpa,spend_30,n_ad_ids,date_created,first_spend,crossed_date,days_to_winner,age_weeks,bucket,active,unicorn,spend_w1,spend_w2,spend_w3,spend_w4,velocity,launch_month
Video | Hambi | CM5 | 1HP NET NEW: [C1]_[Vitals]_[D2C Diaries Podcast 1] | Problem Aware | HP | Big Swing | Founder Story | 3 | v3,Vitals,False,False,,Hambi,113845,109,15424,3,2026-03-06,2026-03-06,2026-03-17,11,12,Ageing,True,True,1456,2764,3354,6018,5.14,Mar 2026
"Ambassador Mashup - Sleep | Hook v1 | Vitals⁺, Magnesium⁺ | Hi-fi | Video | Ambassador Mashup | Inspirational | Problem/Benefit - Sleep | Problem Aware | Freelancer/Contractor | Homepage 25.25",Vitals,False,True,Ambassador Mashup,Celeb,64438,102,7679,8,2026-01-08,2026-01-09,2026-01-27,18,20,Ageing,True,False,549,843,2907,2686,2.56,Jan 2026
2604-117-02_pd:vitals_per:burntoutpro_jtbd:cantfocus_ps:lowenergy_h:stat_ac:brandhandle_ed:mp_f:static_off:yes_cg:female_s:internal_ct:iteration_sp:v1-02,Vitals,True,False,,Internal,43362,95,24161,2,2026-04-10,2026-04-10,2026-04-15,5,7,Prime,True,True,4378,6411,4913,6367,8.05,Apr 2026
2604-170-06_pd:biotic_per:healthoptimiser_jtbd:nothingworks_v:celebrity_h:statement_ac:brandhandle_f:video_off:no_na_ca:40-50_s:brightshift_ct:iteration_sp:b-03,Biotic,False,True,,Celeb,36186,116,25627,3,2026-04-15,2026-04-15,2026-04-20,5,6,Prime,True,True,2233,5727,7011,8483,25.63,Apr 2026
"Partnership | Spencer Matthews Ambassador Podcast | Greatness Hook 3 | Biotic⁺ | Hi-fi | Video | 45s-1m | Podcast, Broll | | - Muscle recovery, Personal Problem/Benefit - Performance, ""You, on a great day"", Personal Problem/Benefit - Poo, Personal Problem/Benefit - Gut health, USP -Bacteria survivability | Solution Aware | Brightshift | Spencer Biotic LP |  | Delivery #18.25",Biotic,False,True,Spencer Matthews,Celeb,71570,134,13163,15,2025-10-01,2025-10-01,2025-10-04,3,34,Ageing,True,True,2091,2463,3737,4075,13.16,Oct 2025
2604-277-01_pd:vitals_per:burntoutpro_jtbd:moreenergy_ps:lowenergy_v:celebrity_h:statement_ac:brandhandle_ac:partershipads_ed:adam_ed:jack_cn:benshephard_f:video_off:no_cg:male_ca:40-50_s:internal_ct:iteration_sp:v1-03,Vitals,False,True,,Celeb,27063,99,27063,3,2026-05-02,2026-05-02,2026-05-11,9,4,Fresh,True,True,2068,3206,6147,11351,9.02,May 2026
2604-145-03_pd:freemaggie_per:burntoutpro_jtbd:toomanysupps_ps:supchoas_h:statement_ac:brandhandle_f:video_off:yes_cg:female_ca:20-30_s:hambi_ct:newconcept_sp:v1-02,Vitals,True,False,,Hambi,26960,58,15102,4,2026-04-14,2026-04-14,2026-04-29,15,6,Prime,True,True,179,1778,4399,7232,5.03,Apr 2026
"Free magnesium iterations | New imagery | Vitals⁺, Magnesium⁺ | Static | Static | Product Imagery | Ready to Buy | Heights Internal | Energy LP | 1.26",Vitals,True,False,,Internal,62504,64,3739,5,2026-01-21,2026-01-21,2026-02-16,26,18,Ageing,True,False,474,475,1068,1136,1.25,Jan 2026
"Rylan - Rylan & Dan Podcast | Dan Focus - Hook 2 | Vitals⁺ | Hi-fi | Video | Podcast | Ingredients, Busy lives | Solution Aware, Product Aware | Brightshift | Energy LP
25.25",Vitals,False,True,Rylan,Celeb,104997,82,37535,3,2025-12-23,2025-12-26,2025-12-29,3,22,Ageing,True,True,7697,16944,7359,3437,12.51,Dec 2025
"Carol Lofi “Feeling your best self” - Vitals | Vitals⁺ | Lo-fi | Video | UGC, Talking to Camera, B-roll, Lo-fi, Ambassador | Inspirational | Sleep, Energy, Brain fog, Focus, Productivity | Freelancer/Contractor, Heights Internal | Energy LP | 4.26",Vitals,False,True,Carol Lofi,Celeb,27551,90,7092,7,2026-03-18,2026-03-18,2026-04-08,21,10,Prime,True,False,849,466,1670,3088,2.36,Mar 2026
"Free Magnesium | Warm shot | Vitals⁺ | Static | Static | Product Imagery, Discount | Ready to Buy | Heights Internal | Energy LP
25.25",Vitals,True,False,,Internal,150364,53,54120,7,2025-12-28,2025-12-28,2026-01-02,5,22,Ageing,True,True,5624,19667,16299,9368,18.04,Dec 2025
"Rylan - Launch Assets | Ultimate sceptic - Hook 2 - Long | Vitals⁺ | Hi-fi | Video | Podcast | Problem/Benefit - Energy, Busy lives, Scepticism | Problem Aware, Solution Aware | Brightshift | Energy LP 25.25",Vitals,False,True,Rylan,Celeb,62836,85,20859,14,2025-12-23,2025-12-26,2026-01-02,7,22,Ageing,True,True,2997,10931,5743,958,6.95,Dec 2025
"Dan podcast | Intro bundle | Vitals + Magnesium⁺ + Sleep Mask | Hi-fi | Video | 20-30s | Podcast, Talking to camera, Discount |  | Personal Problem/Benefit -  Sleep & energy | Product Aware, Ready to buy | Heights - Adam | Intro Bundle LP | @danmurrays | Delivery #21.25",Vitals,True,False,,Internal,126945,72,24429,9,2025-11-11,2025-11-12,2025-11-19,7,28,Ageing,True,True,2932,10670,5446,4160,8.14,Nov 2025
"Video | HM | CM4 | HP NET NEW: [C4]_[Sleep & Energy Bundle]_[Podcast Offer Focus] | Problem Aware | HP | Framework | Problem/Solution,Daily Energy/Fatigue - Busy Mums | 4",Bundle,True,False,,Hambi,52580,99,11345,9,2026-02-05,2026-02-06,2026-02-15,9,16,Ageing,True,True,2424,2035,2539,3354,3.78,Feb 2026
"Ambassador Energy Mashup | More subtle | Vitals⁺ | Hi-fi | Video | 1m-1m30s | Podcast, Broll, Talking to camera, Compilation | Personal story | Personal Problem/Benefit -  Energy | Problem Aware, Solution Aware, Product Aware, Ready to buy | Brightshift | Energy LP |  | Delivery #20.25",Vitals,False,True,,Celeb,163854,94,59657,8,2025-10-14,2025-10-23,2025-10-29,6,31,Ageing,True,True,3591,12217,20962,19934,19.89,Oct 2025
"Dan Intro Bundle - Narrative | Hook V2 | Vitals⁺ + Magnesium⁺ + Sleep Mask | Hi-fi | Video | Narrative, Discount | Problem/Benefit - Sleep, Problem/Benefit - Energy | Ready to Buy | Brightshift | Intro Bundle LP
25.25",Vitals,True,False,,Brightshift,68105,62,21740,1,2025-12-23,2025-12-23,2026-01-02,10,22,Ageing,True,True,322,8877,9185,2660,7.25,Dec 2025
2604-193-14_pd:freemaggie_per:burntoutpro_jtbd:moreenergy_ps:poorsleep_h:statement_ac:brandhandle_ed:mp_ed:georgia_f:static_off:yes_na_s:internal_ct:iteration_sp:v1-02,Vitals,True,False,,Internal,17358,73,14572,4,2026-04-18,2026-04-18,2026-04-23,5,6,Prime,True,True,3769,4351,2987,2411,4.86,Apr 2026
"Free magnesium iterations | Lo-fi | Vitals⁺, Magnesium⁺ | Static | Static | Product Imagery | Ready to Buy | Heights Internal | Energy LP | 1.26",Vitals,True,False,,Internal,58516,63,25728,5,2026-01-21,2026-01-21,2026-01-25,4,18,Ageing,True,True,5824,7000,5453,5583,8.58,Jan 2026
"Ben Shephard Ambassador Biotic | Problem + Agitation 2 Hook 4 | Biotic⁺ | Hi-fi | Video | Podcast | Problem/Benefit - Gut health | Problem Unaware, Problem Aware | Brightshift | PDP | 2.26",Biotic,False,True,Ben Shephard,Celeb,25946,130,3456,10,2026-02-10,2026-02-10,2026-03-02,20,15,Ageing,True,True,23,0,1019,2029,3.46,Feb 2026
Rylan x Dan podcast | Angle 1 Hook 3 | Biotic⁺ | Hi-fi | Video | AMBASSADORS | MOFU | Brightshift | 5.26,Biotic,False,True,Rylan,Celeb,27439,179,15681,4,2026-03-14,2026-03-14,2026-03-16,2,11,Ageing,False,True,3299,3965,3734,3784,15.68,Mar 2026
"Carol x Dan Library - Vitals  | Vitals⁺ | Hi-fi | Video | Ambassador, Conversational | Freelancer/Contractor, Heights Internal | Energy LP | 4.26",Vitals,False,True,Carol X Dan,Celeb,20138,105,11456,7,2026-03-18,2026-03-18,2026-03-31,13,10,Prime,True,True,480,2668,2783,3824,3.82,Mar 2026
Image | Hambi | CM5 | DESIGN NET NEW: [C11]_[Vitals]_[Instagram Native Post] | Product Aware | Design | Framework |  | 4 | v2,Vitals,False,False,,Hambi,14366,104,3610,2,2026-03-17,2026-03-20,2026-04-18,29,10,Prime,False,False,9,14,402,2110,1.2,Mar 2026
2604-136-01_pd:vitals_per:founderhp_jtbd:moreenergy_ps:poorsleep_v:testimonial_h:confession_ac:brandhandle_ed:adam_cn:dan_f:video_off:no_cg:male_ca:30-40_s:internal_ct:iteration_sp:v1-02,Vitals,False,False,,Internal,14245,148,13293,8,2026-04-14,2026-04-14,2026-04-24,10,6,Prime,True,False,1086,5945,3645,2523,4.43,Apr 2026
2603-064-02_pd:vitals_per:burntoutpro_jtbd:stilltiredam_ps:poorsleep_v:featurebenefitpointout_h:statement_ed:mp_f:static_off:no_na_s:internal_ct:newconcept_sp:v1-01,Vitals,False,False,,Internal,13841,143,9738,7,2026-04-02,2026-04-03,2026-04-15,12,8,Prime,True,False,484,3143,3500,1901,3.25,Apr 2026
"Video | HM | CM4 | HP NET NEW: [C5]_[Vitals]_[Price objection handling podcast] | Product Aware | HP | Framework | Objection Handling,Myth Busting Multivitamin Industry | 4",Vitals,False,False,,Hambi,39882,113,15947,7,2026-02-05,2026-02-05,2026-02-17,12,16,Ageing,False,True,1519,1900,4767,6792,5.32,Feb 2026
"Matt Willis - Biotic - Second Brain 50s Version Hook 1 | Hook 1 | Biotic⁺ | Hi-fi | Video | Talking to Camera | Personal story | Gut health | Health Optimiser | HO - Health starts in the gut | Problem aware, Solution aware | Heights Internal | A/B test | 3.26",Biotic,False,True,Matt Willis,Celeb,22704,197,7957,7,2026-02-17,2026-02-17,2026-02-21,4,14,Ageing,False,True,1544,2127,3216,1070,7.96,Feb 2026
2605-338-18_pd:biotic_per:ibssufferer_jtbd:gutcontrol_ps:shame_h:scrollstop_ac:brandhandle_cn:dan_f:video_off:yes_cg:male_ca:30-40_s:brightshift_ct:newconcept_sp:b-05,Biotic,True,False,,Brightshift,12598,69,12598,1,2026-05-11,2026-05-12,2026-05-13,1,2,Fresh,False,True,7698,4899,0,0,12.6,May 2026
2605-300-02_pd:vitals_per:parentyoungkidsdad_jtbd:moreenergy_ps:stress_v:testimonial_h:statement_ac:brandhandle_ed:george_f:video_off:no_cg:male_s:internal_ct:newconcept_sp:v1-04,Vitals,False,False,,Internal,12274,106,12274,3,2026-05-06,2026-05-07,2026-05-16,9,3,Fresh,True,False,1420,4641,5011,1202,4.09,May 2026
"Ben Shephard - Door to Door | Hook v2 | Vitals⁺ + Magnesium⁺ + Sleep Mask | Hi-fi | Video | Skit, Discount | Funny | Problem/Benefit - Sleep, Problem/Benefit - Energy | Ready to Buy | Brightshift | Intro Bundle LP
25.25",Vitals,True,True,Ben Shephard,Celeb,46359,70,16433,3,2025-12-23,2025-12-26,2026-01-02,7,22,Ageing,True,True,2835,8990,2477,1360,5.48,Dec 2025
2604-241-03_pd:vitals_per:burntoutpro_jtbd:cantfocus_ps:focus_v:celebrity_h:confession_ac:brandhandle_ed:george_cn:mashup_f:video_off:no_na_ca:40-50_s:internal_ct:iteration_sp:v1-03,Vitals,False,True,,Celeb,10692,137,10602,3,2026-04-28,2026-04-28,2026-05-07,9,4,Fresh,True,False,2234,2537,2832,2626,3.53,Apr 2026
"Carol x Dan Lofi “Your fav Heights Products” Hook 3 | Vitals⁺, Biotic⁺, Magnesium⁺, Thrive⁺ | Lo-fi | Video | Ambassador, Conversational, Lo-fi | Heights Internal | Heights Homepage | 4.26",Vitals,False,True,Carol X Dan,Celeb,16012,73,9089,4,2026-03-18,2026-03-18,2026-03-26,8,10,Prime,True,False,1696,3122,1448,2260,3.03,Mar 2026
2605-295-03_pd:vitals_per:parentyoungkidsdad_jtbd:moreenergy_ps:stress_v:splitscreen_h:relatability_ac:brandhandle_ed:mp_ed:jessie_f:static_off:no_cg:male_ca:40-50_s:internal_ct:newconcept_sp:v1-04,Vitals,False,False,,Internal,9969,111,9969,3,2026-05-02,2026-05-02,2026-05-12,10,4,Fresh,True,False,1710,2723,2611,1830,3.32,May 2026
2605-370-17_pd:vitals_per:healthoptimiser_jtbd:toomanysupps_ps:longevity_v:celebrity_h:challenge_ac:brandhandle_ac:partershipads_ed:sam_f:video_off:no_cg:male_ca:40-50_s:internal_ct:iteration_sp:vbau-01,Vitals,False,True,,Celeb,8948,126,8948,3,2026-05-16,2026-05-16,2026-05-19,3,2,Fresh,True,False,6367,1951,630,0,2.98,May 2026
"Ben Shephard - Launch Assets | Fit for Life - Hook 3- Long | Vitals⁺ | Hi-fi | Video | Podcast | Problem/Benefit - Energy, Problem/Benefit - Longevity | Problem Aware | Brightshift | Energy LP25.25",Vitals,False,True,Ben Shephard,Celeb,40858,76,14268,8,2026-01-06,2026-01-06,2026-01-11,5,20,Ageing,True,True,4987,3350,2516,2698,4.76,Jan 2026
Image | Hambi | CM3 | ITERATION: Iteration_[01/01]_[VITALS+Magnesium]_[We’re Sorry]  | 2 | Iterations |  |  |,Vitals,True,False,,Hambi,20071,59,3980,1,2026-01-15,2026-01-16,2026-02-09,24,19,Ageing,False,False,1651,301,484,1237,1.33,Jan 2026
"Affiliate Whitelisting |  | Vitals⁺ | Lo-fi | Static | n/a | UGC, Product imagery, Customer quote | Educational | Ingredients, Science results, Routine | MOFU | Charlie Oscar | PDP | @aimeevictorialong | Delivery #15.25",Vitals,False,False,,Influencer,20370,110,8914,2,2026-02-26,2026-02-27,2026-03-09,10,13,Ageing,False,False,1954,1935,2002,2283,2.97,Feb 2026
2603-058-05_pd:biotic_per:ibssufferer_jtbd:gutcontrol_ps:toilet_v:stopmotion_h:scrollstop_ac:brandhandle_f:video_off:no_na_s:brightshift_ct:newconcept_sp:b-06,Biotic,False,False,,Brightshift,10639,197,8121,7,2026-03-27,2026-03-28,2026-04-01,4,9,Prime,True,True,1699,2278,3144,753,8.12,Mar 2026
Video | Hambi | CM2 | ITERATION: Iteration_[3/2]_[Vitals]_[TT Spencer Mathews Reaction]  | Problem Aware | Iterations | Framework | Angle Test | 3 | V1,Vitals,False,False,,Hambi,18920,127,10267,3,2026-03-04,2026-03-05,2026-03-15,10,12,Ageing,False,True,1598,3150,2868,2185,3.42,Mar 2026
2605-305-02_pd:vitals_per:healthoptimiser_jtbd:moreenergy_ps:hairskinnails_h:confession_ac:partershipads_cn:daisyasaf_f:static_off:no_na_s:paidinfluencer_sp:v1-04,Vitals,False,False,,Influencer,8195,128,8195,3,2026-05-08,2026-05-09,2026-05-17,8,3,Fresh,True,False,2173,3767,2198,58,2.73,May 2026
"Rylan - Rylan & Dan Podcast | Dan Focus - Hook 2 | Vitals⁺ | Hi-fi | Video | Podcast | Ingredients, Busy lives | Solution Aware, Product Aware | Brightshift | Energy LP25.25",Vitals,False,True,Rylan,Celeb,54640,94,20734,9,2026-01-06,2026-01-06,2026-01-08,2,20,Ageing,False,True,9397,5149,4267,1297,6.91,Jan 2026
"Spencer Matthews Ambassador  | Podcast Script 1 Hook 1 | Vitals⁺ | Hi-fi | Video | 45s-1m | Podcast, Split screen | Personal story, Inspirational, Funny | Personal Problem/Benefit -  Energy, Personal Problem/Benefit - Performance, Social proof, Scepticism, Routine | Solution Aware | Brightshift | Energy LP |  | Delivery #22.25",Vitals,False,True,Spencer Matthews,Celeb,59740,77,5508,10,2025-11-11,2025-11-12,2025-12-01,19,28,Ageing,True,False,15,1190,1994,1876,1.84,Nov 2025
2603-037-15_pd:biotic_per:ibssufferer_jtbd:gutcontrol_ps:foodenemy_v:meme_h:relatability_ac:brandhandle_ed:sam_cn:sam_f:video_off:no_na_s:internal_ct:newconcept_sp:b-06,Biotic,False,False,,Internal,9897,180,8058,7,2026-03-27,2026-03-28,2026-04-01,4,9,Prime,False,True,1628,2628,2458,1066,8.06,Mar 2026
2604-222-01_pd:vitals_per:neurodivergentoptimiser_jtbd:moreenergy_ps:lowenergy_v:billboard_h:relatability_ac:brandhandle_ed:mp_ed:ellen_f:static_off:no_cg:female_s:internal_ct:newconcept_sp:v1-03,Vitals,False,False,,Internal,7117,166,7117,1,2026-04-28,2026-04-28,2026-05-05,7,4,Fresh,False,False,2516,2746,536,1319,2.37,Apr 2026
2605-431-01_pd:freemaggie_per:supplementskeptic_ps:skeptic_v:offerfirstbanner_h:question_ac:brandhandle_f:static_off:yes_s:hambi_ct:newconcept_sp:v1-05,Vitals,True,False,,Hambi,6812,43,6812,1,2026-05-28,2026-05-28,2026-05-30,2,0,Fresh,True,False,6812,0,0,0,2.27,May 2026
2604-145-01_pd:freemaggie_per:burntoutpro_jtbd:cantfocus_ps:supchoas_v:ugcselfie_h:statement_ac:brandhandle_f:video_off:yes_cg:female_ca:20-30_s:hambi_ct:newconcept_sp:v1-02,Vitals,True,False,,Hambi,6791,69,6369,4,2026-04-14,2026-04-14,2026-04-23,9,6,Prime,True,False,2456,2085,1238,447,2.12,Apr 2026
2604-161-04_pd:freemaggie_per:burntoutpro_jtbd:moreenergy_ps:lowenergy_h:question_ac:brandhandle_f:static_off:yes_na_s:hambi_ct:newconcept_sp:v1-02,Vitals,True,False,,Hambi,6468,82,6289,3,2026-04-14,2026-04-14,2026-04-29,15,6,Prime,False,False,560,1739,3172,664,2.1,Apr 2026
2604-099-06_pd:freemaggie_s:hambi_ct:iteration,Vitals,True,False,,Hambi,6436,55,5165,1,2026-04-06,2026-04-06,2026-04-19,13,7,Prime,True,False,1882,1254,808,1035,1.72,Apr 2026
"Ambassador Mashup - Scepticism | Hook v2 | Vitals⁺ | Hi-fi | Video | Ambassador Mashup | Inspirational | Scepticism | Solution Aware | YSC | Energy LP 25.25""",Vitals,False,True,Ambassador Mashup,Celeb,73424,96,48025,14,2025-12-24,2025-12-26,2026-01-01,6,22,Ageing,True,True,3311,16497,17976,7714,16.01,Dec 2025
"Ben Shephard Ambassador Sceptic | Journalist first | Vitals⁺ | Hi-fi | Video | 1m-1m30s | Podcast, Split screen, Broll | Personal story, Educational | Personal Problem/Benefit - Longevity, Personal Problem/Benefit - Holistic health, Personal Problem/Benefit -  Energy, Scepticism, Routine | MOFU | Brightshift | Energy LP |  | Delivery #12.25",Vitals,False,True,Ben Shephard,Celeb,119066,75,5838,5,2025-07-08,2025-07-08,2025-07-14,6,46,Ageing,True,False,3604,1624,610,0,1.95,Jul 2025
2603-025-05_pd:vitals_sp:perimenopause_jtbd:stilltiredam_ps:lowenergy_v:ugcselfie_h:confession_ac:partershipads_cn:bethbartram_f:video_off:yes_cg:female_ca:20-30_s:paidinfluencer,Vitals,False,False,,Influencer,6089,100,5125,3,2026-03-31,2026-04-02,2026-04-20,18,8,Prime,True,False,290,1387,2493,795,1.71,Apr 2026
2603-053-03_pd:vitals_per:ag1switcher_jtbd:toomanysupps_ps:supchoas_h:confession_ac:partershipads_cn:ashlee_f:static_off:yes_cg:female_ca:20-30_s:paidinfluencer,Vitals,False,False,,Influencer,5342,85,3149,3,2026-03-31,2026-04-02,2026-05-01,29,8,Prime,True,False,174,973,637,879,1.05,Apr 2026
Cortisol | Vitals⁺ | Static | Static | Heights Internal | Energy LP | 4.26,Vitals,False,False,,Internal,5730,108,3147,3,2026-03-18,2026-03-18,2026-04-16,29,10,Prime,True,False,6,152,647,1828,1.05,Mar 2026
2605-453-03_pd:vitals_per:burntoutpro_jtbd:nightwaking_ps:poorsleep_v:celebrity_h:relatability_ac:brandhandle_ed:aimee_f:static_off:no_cg:male_ca:30-40_s:internal_ct:iteration_sp:vbau-01,Vitals,False,True,,Celeb,4966,150,4966,1,2026-05-22,2026-05-22,2026-05-27,5,1,Fresh,True,False,4614,352,0,0,1.66,May 2026
2605-334-21_pd:vitals_per:burntoutpro_jtbd:cantfocus_ps:stress_v:testimonial_h:confession_ac:brandhandle_ed:mp_f:static_off:no_na_ca:20-30_s:internal_sp:vbau-01,Vitals,False,False,,Internal,4889,144,4889,3,2026-05-08,2026-05-09,2026-05-22,13,3,Fresh,True,False,2415,835,1398,241,1.63,May 2026
Video | Hambi | CM3 | UGC NET NEW: [C8]_[Vitals]_[Split screen Daily Life X2] - Aggie & Rob  | Problem Aware | UGC | Framework | Daily Energy/Fatigue - Busy Mums | 4,Vitals,False,False,,Hambi,9981,108,4923,12,2025-12-24,2025-12-30,2026-01-04,5,21,Ageing,True,False,3822,1086,0,15,1.64,Dec 2025
"Ben Shephard - Launch Assets | Family as Fuel - Hook 2 - Short | Vitals⁺ | Hi-fi | Video | Podcast | Problem/Benefit - Energy, Problem/Benefit - Longevity | Problem Aware | Brightshift | Energy LP 25.25",Vitals,False,True,Ben Shephard,Celeb,13024,92,5068,11,2025-12-23,2025-12-26,2026-01-06,11,22,Ageing,True,False,1313,2352,1138,249,1.69,Dec 2025
2604-119-05_pd:biotic_per:longtermsufferer_jtbd:normal_ps:shrunk_v:testimonial_h:confession_ac:brandhandle_f:video_off:no_cg:female_ca:30-40_s:brightshift_ct:newconcept_sp:b-03,Biotic,False,False,,Brightshift,4819,193,3086,3,2026-04-10,2026-04-10,2026-04-17,7,7,Prime,True,False,881,1859,330,12,3.09,Apr 2026
2604-119-12_pd:biotic_per:longtermsufferer_jtbd:normal_ps:shrunk_v:testimonial_h:confession_ac:brandhandle_f:video_off:no_cg:female_ca:30-40_s:brightshift_ct:newconcept_sp:b-03,Biotic,False,False,,Brightshift,4757,198,4339,1,2026-04-10,2026-04-10,2026-04-29,19,7,Prime,False,False,55,86,1541,2041,4.34,Apr 2026
2604-156-01_pd:vitals_per:athlete_jtbd:gymrecovery_ps:hormshift_v:testimonial_h:relatability_ac:brandhandle_f:static_off:no_cg:male_s:hambi_ct:newconcept_sp:v1-02,Vitals,False,False,,Hambi,4584,170,4582,3,2026-04-14,2026-04-14,2026-04-29,15,6,Prime,True,False,633,1622,2326,0,1.53,Apr 2026
2603-048-05_pd:biotic_per:longtermsufferer_jtbd:gutcontrol_ps:foodenemy_v:review_h:confession_ac:brandhandle_ed:aimee_f:static_off:no_na_s:internal_ct:iteration_sp:b-06,Biotic,False,False,,Internal,4506,188,1481,3,2026-03-27,2026-03-27,2026-04-23,27,9,Prime,True,False,8,36,162,833,1.48,Mar 2026
Image | Hambi | CM3 | ITERATION: Iteration_[01/01]_[VITALs+mag]_[Burnout]  |  | Iterations |  |  | 53 - Copy,Vitals,True,False,,Hambi,23963,71,12879,1,2026-02-20,2026-02-20,2026-02-28,8,14,Ageing,True,True,2144,3137,3172,3399,4.29,Feb 2026
"Ben Shephard - Launch Assets | Family as Fuel - Hook 2 - Long | Vitals⁺ | Hi-fi | Video | Podcast | Problem/Benefit - Energy, Problem/Benefit - Longevity | Problem Aware | Brightshift | Energy LP 25.25",Vitals,False,True,Ben Shephard,Celeb,51596,85,21682,16,2025-12-23,2025-12-26,2025-12-30,4,22,Ageing,True,True,5698,12194,2604,1009,7.23,Dec 2025
2605-451-03_pd:vitals_per:athlete_jtbd:moreenergy_ps:lowenergy_v:celebrity_h:question_ac:brandhandle_ac:partershipads_cn:spencermatthews_f:video_off:no_cg:male_ca:30-40_s:brightshift_ct:newconcept_sp:vbau-02,Vitals,False,True,,Celeb,3764,90,3764,1,2026-05-22,2026-05-22,2026-05-30,8,1,Fresh,True,False,1245,2519,0,0,1.25,May 2026
"Carol x Dan Podcast, Biotic Variation Hook 3 | Hook 3 (Cutdown) | Biotic⁺ | Hi-fi | Video | Podcast | Solution Chaser | HO - Health starts in the gut | Heights Internal, Freelancer/Contractor | 3.26",Biotic,False,True,Carol X Dan,Celeb,6930,161,2370,5,2026-02-17,2026-02-17,2026-02-22,5,14,Ageing,False,False,1297,1074,0,0,2.37,Feb 2026
Everyone thinks I'm a hermit | Biotic⁺ | Lo-fi | Video | GUTCONTROL | FOMO | 25 - 40 W IBS | MOFU | Freelancer/Contractor | 5.26,Biotic,False,False,,Internal,7040,190,4616,6,2026-03-13,2026-03-13,2026-03-25,12,11,Ageing,True,True,586,821,1498,1388,4.62,Mar 2026
2604-103-01_pd:biotic_per:ibssufferer_jtbd:gutcontrol_ps:foodenemy_v:uimockup_h:relatability_ac:brandhandle_ed:aimee_f:static_off:no_s:internal_ct:newconcept_sp:b-03,Biotic,False,False,,Internal,3353,197,2809,2,2026-04-10,2026-04-10,2026-04-20,10,7,Prime,True,False,465,779,591,781,2.81,Apr 2026
2603-078-65_pd:biotic_per:ibssufferer_jtbd:gutcontrol_ps:toilet_v:ugcoverlay_h:relatability_ac:brandhandle_f:video_off:no_cg:male_ca:20-30_s:brightshift_ct:newconcept_sp:b-06,Biotic,False,False,,Brightshift,3255,181,2293,1,2026-04-07,2026-04-07,2026-05-01,24,7,Prime,False,False,107,65,296,1249,2.29,Apr 2026
2604-179-02_pd:vitals_per:burntoutpro_jtbd:3pmcrash_ps:lowenergy_h:relatability_ac:brandhandle_ed:mp_ed:georgia_f:static_off:no_s:internal_ct:newconcept_sp:v1-02,Vitals,False,False,,Internal,3223,134,3223,1,2026-04-17,2026-04-17,2026-04-29,12,6,Prime,False,False,969,2253,0,0,1.07,Apr 2026
2604-164-01_pd:vitals_per:supplementskeptic_jtbd:toomanysupps_ps:supchoas_v:usvsthem_h:question_ac:brandhandle_f:video_off:no_na_s:hambi_ct:newconcept_sp:v1-02,Vitals,False,False,,Hambi,3088,206,3088,1,2026-04-14,2026-04-14,2026-04-29,15,6,Prime,False,False,102,2173,813,0,1.03,Apr 2026
2604-177-04_pd:biotic_per:healthoptimiser_jtbd:gutcontrol_v:celebrity_h:confession_ac:brandhandle_ac:partershipads_ed:sam_cn:jakehumphrey_f:video_off:no_cg:male_ca:40-50_s:internal_ct:iteration_sp:b-03,Biotic,False,True,,Celeb,3084,140,2794,3,2026-04-15,2026-04-15,2026-04-18,3,6,Prime,True,False,1179,673,623,241,2.79,Apr 2026
2605-376-14_pd:biotic_per:healthoptimiser_jtbd:gutcontrol_ps:brainfog_v:celebrity_h:stat_ac:brandhandle_ac:partershipads_ed:sam_cn:benshephard_f:video_off:no_cg:male_ca:50-60_s:internal_ct:newconcept_sp:b-05,Biotic,False,True,,Celeb,2939,155,2939,1,2026-05-15,2026-05-15,2026-05-20,5,2,Fresh,False,False,2121,818,0,0,2.94,May 2026
2603-078-49_pd:biotic_per:ibssufferer_jtbd:gutcontrol_ps:toilet_v:ugcoverlay_h:confession_ac:brandhandle_f:video_off:no_cg:female_ca:20-30_s:brightshift_ct:newconcept_sp:b-06,Biotic,False,False,,Brightshift,2580,161,2544,3,2026-04-07,2026-04-07,2026-04-21,14,7,Prime,True,False,343,624,1132,442,2.54,Apr 2026
"Carol & Dan Podcast - Biotic (Hook 3 no Broll) | (Hook 3 no Broll) | Biotic⁺ | Hi-fi | Video | Podcast | Education | Bacteria survivability, Product Pitch | Solution Aware | Heights Internal | Biotic PDP | 1.26",Biotic,False,True,,Celeb,8178,149,4743,11,2026-01-20,2026-01-20,2026-01-28,8,18,Ageing,True,False,734,1359,2408,241,4.74,Jan 2026
Dan VSL - Dan Story - Ultimate Podcast Mashup | Hook 3 | Vitals⁺ | Hi-fi | Video | VSL | Inspirational | Founder Story | Problem Aware | YSC | Energy LP 25.25,Vitals,False,False,,Internal,51372,104,19315,16,2025-12-23,2025-12-26,2026-01-04,9,22,Ageing,True,True,2427,3075,7793,5219,6.44,Dec 2025
"Dan Intro Bundle - Narrative | Hook V2 | Vitals⁺ + Magnesium⁺ + Sleep Mask | Hi-fi | Video | Narrative, Discount | Problem/Benefit - Sleep, Problem/Benefit - Energy | Ready to Buy | Brightshift | Intro Bundle LP25.25",Vitals,True,False,,Brightshift,37142,63,11982,7,2026-01-06,2026-01-06,2026-01-10,4,20,Ageing,True,True,5367,2184,2591,1372,3.99,Jan 2026
"Rylan - Launch Assets | Ultimate sceptic - Hook 3 - Long | Vitals⁺ | Hi-fi | Video | Podcast | Problem/Benefit - Energy, Busy lives, Scepticism | Problem Aware, Solution Aware | Brightshift | Energy LP 25.25",Vitals,False,True,Rylan,Celeb,7658,76,3770,1,2025-12-23,2025-12-26,2026-01-07,12,22,Ageing,True,False,2303,765,393,309,1.26,Dec 2025
"Jake Humphrey Ambassador | Wall Scroll - V2 | Vitals⁺ | Hi-fi | Video | 10-20s | Loop |  | Personal Problem/Benefit - Focus, Industry problem - Raise your standards | Solution Aware | Heights | Energy LP |  | Delivery #19.25",Vitals,False,True,Jake Humphrey,Celeb,15370,94,5729,6,2025-09-30,2025-10-01,2025-10-13,12,34,Ageing,True,False,1044,2255,1733,353,1.91,Oct 2025
"Spencer Matthews Ambassador Podcast | Greatness Hook 3 | Biotic⁺ | Hi-fi | Video | 45s-1m | Podcast, Broll | | - Muscle recovery, Personal Problem/Benefit - Performance, ""You, on a great day"", Personal Problem/Benefit - Poo, Personal Problem/Benefit - Gut health, USP -Bacteria survivability | Solution Aware | Brightshift | Spencer Biotic LP |  | Delivery #18.25",Biotic,False,True,Spencer Matthews,Celeb,21986,112,13229,9,2025-09-18,2025-09-20,2025-09-22,2,36,Ageing,True,True,3399,4746,3068,2017,13.23,Sep 2025
"Don’t let your gut control your life | v1 | Biotic⁺ | Static | Static | Split screen, Calendar, Notes app | Shock | Problem/Benefit - Gut health, Take control | Solution Chaser | SC - Balanced gut = improved confidence | Problem Aware | Heights Internal, Freelancer/Contractor | PDP | 2.26",Biotic,False,False,,Internal,3982,166,1606,8,2026-02-03,2026-03-04,2026-03-20,16,12,Ageing,True,False,336,404,719,0,1.61,Mar 2026
Rylan - Wellness confessionals | Pippa - Hook 2 | Vitals⁺ | Hi-fi | Video | Skit | Funny | Supplement overwhelm | Solution Aware | Brightshift | Supplement overwhelm LP25.25,Vitals,False,True,Rylan,Celeb,15755,79,6489,11,2026-01-06,2026-01-06,2026-01-13,7,20,Ageing,False,False,2945,1348,1377,741,2.16,Jan 2026
"Compliant gut issues | Bloating rant | Biotic⁺ | Lo-fi | Video | 45s-1m | Talking to camera | Funny, Educational | Personal Problem/Benefit - Gut health | Problem Aware | Heights | PDP |  | Delivery #18.25",Biotic,False,False,,Internal,10271,145,5458,15,2025-09-16,2025-09-17,2025-09-23,6,36,Ageing,True,True,1043,1677,2141,538,5.46,Sep 2025
2604-120-02_pd:biotic_per:founderhp_ps:skeptic_v:podcast_h:challenge_ac:brandhandle_f:video_off:no_cg:male_ca:30-40_s:brightshift_ct:newconcept_sp:b-03,Biotic,False,False,,Brightshift,2173,241,2129,2,2026-04-10,2026-04-10,2026-04-24,14,7,Prime,True,False,19,692,1416,3,2.13,Apr 2026
"Image | Hambi | CM2 | ITERATION: Iteration_[01/01]_[Intro Bundle]_[Twitter Thread]  | Problem Aware | Iterations | Framework | Angle Test,Bundle/Offer | 3",Bundle,True,False,,Hambi,7647,76,4687,2,2026-01-20,2026-01-20,2026-02-08,19,18,Ageing,False,False,1019,977,1388,1249,1.56,Jan 2026
2605-376-13_pd:biotic_per:healthoptimiser_jtbd:gutcontrol_ps:brainfog_v:celebrity_h:statement_ac:brandhandle_ac:partershipads_ed:sam_cn:benshephard_f:video_off:no_cg:male_ca:50-60_s:internal_ct:newconcept_sp:b-05,Biotic,False,True,,Celeb,1797,128,1797,1,2026-05-15,2026-05-16,2026-05-28,12,2,Fresh,True,False,430,1077,290,0,1.8,May 2026
"Rylan - Launch Assets | Groggy to grinning - Hook 4 - Long | Vitals⁺ | Hi-fi | Video | Podcast | Problem/Benefit - Energy, Busy lives | Problem Aware, Solution Aware | Brightshift | Energy LP 25.25",Vitals,False,True,Rylan,Celeb,11612,88,7535,11,2025-12-23,2025-12-26,2026-01-01,6,22,Ageing,False,False,3021,3646,511,278,2.51,Dec 2025
2604-217-03_pd:biotic_per:healthoptimiser_jtbd:cantfocus_ps:focus_v:celebrity_h:statement_ac:brandhandle_ac:partershipads_ed:sam_cn:benshephard_f:video_off:no_cg:male_ca:50-60_s:internal_ct:iteration_sp:b-04,Biotic,False,True,,Celeb,1545,221,1545,1,2026-05-01,2026-05-01,2026-05-11,10,4,Fresh,False,False,148,1318,79,0,1.54,May 2026
2604-178-09_pd:biotic_per:healthoptimiser_jtbd:gutcontrol_ps:nutrigap_v:reactionvideo_h:statement_ac:brandhandle_ed:sam_cn:jakehumphrey_f:video_off:no_cg:male_ca:30-40_s:internal_ct:iteration_sp:b-04,Biotic,False,True,,Celeb,1544,386,1544,1,2026-05-01,2026-05-01,2026-05-05,4,4,Fresh,False,False,1544,0,0,0,1.54,May 2026
Video | Hambi | CM2 | UGC NET NEW: [C9]_[Vitals]_[Busy Mum 3 month timeline ] - Josie | Solution Aware | UGC | Easy Impact | Menopause Pain-point Stacking | 4,Vitals,False,False,,Hambi,7231,100,5715,3,2025-12-24,2025-12-28,2026-01-08,11,22,Ageing,False,False,1976,1694,1328,717,1.9,Dec 2025
"Street Voxpop - Biotic - Dan Pitching Mashup - Non-Customer | Hook 1 | Biotic⁺ | Hi-fi | Video | Voxpop, Mashup | Education | Product Pitch | Problem Aware | YSC | PDP
25.25",Biotic,False,False,,Internal,7543,171,1075,8,2026-01-02,2026-01-02,2026-01-31,29,21,Ageing,False,False,50,0,4,608,1.07,Jan 2026
Paid whitelisting | Laura Unsworth | Biotic⁺ | Lo-fi | Video | MOFU | 5.26,Biotic,False,False,,Influencer,2114,141,1015,4,2026-03-20,2026-03-20,2026-04-17,28,10,Prime,True,False,575,6,169,224,1.01,Mar 2026
2604-242-02_pd:biotic_per:ibssufferer_jtbd:gutcontrol_ps:toilet_v:animation_h:confession_ac:brandhandle_f:video_off:no_s:brightshift_ct:iteration_sp:b-04,Biotic,False,False,,Brightshift,1475,147,1475,1,2026-05-15,2026-05-16,2026-05-20,4,2,Fresh,False,False,1475,0,0,0,1.47,May 2026
2603-040-07_pd:biotic_per:supplementskeptic_v:beforeandafter_h:scrollstop_ac:brandhandle_ed:sam_f:video_off:no_cg:male_ca:30-40_s:internal_ct:iteration_sp:b-06,Biotic,False,False,,Internal,2257,564,2257,1,2026-03-27,2026-03-28,2026-04-07,10,9,Prime,False,False,824,1159,274,0,2.26,Mar 2026
2604-267-03_pd:biotic_per:ibssufferer_jtbd:nothingworks_v:rant_h:confession_ac:brandhandle_cn:julz_f:video_off:yes_cg:female_ca:30-40_s:brightshift_ct:newconcept_sp:b-04,Biotic,False,False,,Brightshift,1430,286,1430,1,2026-04-28,2026-04-28,2026-05-09,11,4,Fresh,False,False,390,1040,0,0,1.43,Apr 2026
2604-251-04_pd:biotic_per:ibssufferer_jtbd:gutcontrol_ps:foodenemy_v:meme_h:relatability_ac:brandhandle_ed:aimee_f:static_off:no_s:internal_ct:iteration_sp:b-04,Biotic,False,False,,Internal,1400,1400,1400,1,2026-04-28,2026-04-28,2026-05-06,8,4,Fresh,False,False,574,826,0,0,1.4,Apr 2026
"Matt Willis - Biotic - Second Brain 50s Version  Hook 2 | Hook 2 | Biotic⁺ | Hi-fi | Video | Talking to Camera | Personal story | Gut health | Health Optimiser | HO - Health starts in the gut | Problem aware, Solution aware | Heights Internal | A/B test | 3.26",Biotic,False,True,Matt Willis,Celeb,5903,174,2707,9,2026-02-17,2026-02-17,2026-02-21,4,14,Ageing,True,False,1299,934,394,80,2.71,Feb 2026
2605-409-04_pd:biotic_per:supplementskeptic_jtbd:gutcontrol_ps:supchoas_v:celebrity_h:scrollstop_ac:brandhandle_ac:partershipads_ed:adam_cn:mattwillis_f:video_off:no_cg:male_ca:30-40_s:internal_ct:iteration_sp:b-06m,Biotic,False,True,,Celeb,1233,308,1233,2,2026-05-23,2026-05-23,2026-05-31,8,1,Fresh,True,False,165,1069,0,0,1.23,May 2026
2605-328-11_pd:biotic_per:ibssufferer_jtbd:gutcontrol_ps:gutanx_v:offerfirstbanner_h:scrollstop_ac:brandhandle_ed:aimee_f:static_off:yes_na_s:internal_ct:newconcept_sp:b-05,Biotic,True,False,,Internal,1226,123,1226,1,2026-05-11,2026-05-12,2026-05-23,11,2,Fresh,False,False,5,1222,0,0,1.23,May 2026
2604-120-11_pd:biotic_per:founderhp_ps:skeptic_v:podcast_h:challenge_ac:brandhandle_f:video_off:no_cg:male_ca:30-40_s:brightshift_ct:newconcept_sp:b-03,Biotic,False,False,,Brightshift,1175,392,1175,1,2026-04-10,2026-04-10,2026-04-16,6,7,Prime,False,False,1124,50,0,0,1.17,Apr 2026
2604-242-03_pd:biotic_per:ibssufferer_jtbd:gutcontrol_ps:toilet_v:animation_h:scrollstop_ac:brandhandle_f:video_off:no_s:brightshift_ct:iteration_sp:b-04,Biotic,False,False,,Brightshift,1155,231,1155,1,2026-05-15,2026-05-15,2026-05-17,2,2,Fresh,False,False,1155,0,0,0,1.16,May 2026
"Dan Podcast - Biotic - Everything Running Smoothly | Hook 2 | Biotic⁺ | Hi-fi | Video | Talking to Camera | Education | Science, Problem/Benefit - Gut health | Problem Unaware | Heights Internal | PDP 25.25",Biotic,False,False,,Internal,3198,139,1177,8,2025-12-22,2025-12-26,2026-01-03,8,22,Ageing,True,False,797,380,0,0,1.18,Dec 2025
Video | HM | CM2 | HP NET NEW: [C1]_[Vitals]_[Agree to Disagree Multivitamin Myth Busting] | Problem Aware | HP | Framework | Myth Busting Multivitamin Industry | 4,Vitals,False,False,,Hambi,11821,106,4263,13,2025-11-22,2025-11-22,2025-12-15,23,27,Ageing,True,False,1209,0,1048,1643,1.42,Nov 2025
2603-058-07_pd:biotic_per:ibssufferer_jtbd:gutcontrol_ps:toilet_v:stopmotion_h:scrollstop_ac:brandhandle_f:video_off:no_na_s:brightshift_ct:newconcept_sp:b-06,Biotic,False,False,,Brightshift,1301,260,1301,1,2026-03-27,2026-03-28,2026-04-21,24,9,Prime,False,False,158,144,281,718,1.3,Mar 2026
"Carol x Dan Podcast,  Biotic “Convince me” | Hook 1 | Biotic⁺ | Hi-fi | Video | Podcast | Solution Chaser | HO - Science over hype | Freelancer/Contractor, Heights Internal | 3.26",Biotic,False,True,Carol X Dan,Celeb,5288,230,3931,5,2026-02-20,2026-02-20,2026-02-22,2,14,Ageing,False,False,3226,706,0,0,3.93,Feb 2026
2604-268-05_pd:biotic_per:healthoptimiser_jtbd:gutcontrol_ps:toilet_v:celebrity_h:confession_ac:brandhandle_ac:partershipads_ed:sam_cn:spencermatthews_f:video_off:no_cg:male_ca:30-40_s:internal_ct:iteration_sp:b-04,Biotic,False,True,,Celeb,1060,133,1060,1,2026-05-01,2026-05-01,2026-05-13,12,4,Fresh,False,False,588,473,0,0,1.06,May 2026
"Spencer Matthews Ambassador Podcast | Fatherhood Hook 1 | Vitals⁺ | Hi-fi | Video | 45s-1m | Podcast, Broll | Personal story, Inspirational, Funny | Personal Problem/Benefit - Sleep, Personal Problem/Benefit - Focus, ution Aware | Brightshift | Spencer Vitals LP |  | Delivery #18.25",Vitals,False,True,Spencer Matthews,Celeb,32776,90,10253,8,2025-09-18,2025-09-19,2025-09-25,6,36,Ageing,False,True,3401,2241,2204,2018,3.42,Sep 2025
"Notes app bundle offer | Bullet points | Vitals + Magnesium⁺ + Sleep Mask | Lo-fi | Static |  | Product imagery, Text focus, Ugly ad, Notes app, Discount |  | Personal Problem/Benefit -  Sleep & energy | BOFU | Heights | Intro bundle LP |  | Delivery #11.25",Vitals,True,False,,Internal,83844,86,14721,5,2025-06-17,2025-06-17,2025-06-23,6,49,Ageing,True,True,3128,4907,3667,2326,4.91,Jun 2025
Video | Hambi | CM5 | HP NET NEW: [C5]_[Sleep & Energy Bundle]_[Founder Offer Variation] | Product Aware | HP | Framework | Bundle/Offer | 3 | v2,Bundle,True,False,,Hambi,3835,132,3349,2,2026-03-09,2026-03-09,2026-04-04,26,11,Ageing,False,False,929,1424,0,818,1.12,Mar 2026
"Spencer Matthews Ambassador Podcast | Greatness Hook 1 | Vitals⁺ | Hi-fi | Video | 45s-1m | Podcast, Broll | Personal story, Inspirational, Funny | Personal Problem/Benefit - Sleep, Personal Problem/Benefit - Focus, Personal Problem/Benefit - Muscle recovery, Personal Problem/Benefit - Performance, ""You, on a great day"" | Solution Aware | Brightshift | Spencer Vitals LP |  | Delivery #18.25",Vitals,False,True,Spencer Matthews,Celeb,46105,82,16045,12,2025-09-18,2025-09-19,2025-09-29,10,36,Ageing,True,True,816,5620,5482,3317,5.35,Sep 2025
"Spencer Matthews Ambassador Podcast | Fatherhood Hook 2 | Vitals⁺ | Hi-fi | Video | 45s-1m | Podcast, Broll | Personal story, Inspirational, Funny | Personal Problem/Benefit - Sleep, Personal Problem/Benefit - Focus, Personal Problem/Benefit - Performance, Personal problem - Parenting, Personal Problem/Benefit |  | Delivery #18.25",Vitals,False,True,Spencer Matthews,Celeb,14411,79,4431,7,2025-09-18,2025-09-19,2025-10-07,18,36,Ageing,True,False,1672,728,1403,486,1.48,Sep 2025
"Dan Intro Bundle - Sign Based Ads | Hook v3 | Vitals⁺ + Magnesium⁺ + Sleep Mask | Hi-fi | Video | Sign, Discount | Problem/Benefit - Sleep, Problem/Benefit - Energy | Ready to Buy | Brightshift | Intro Bundle LP25.25",Vitals,True,False,,Brightshift,9221,68,4989,6,2026-01-06,2026-01-06,2026-01-14,8,20,Ageing,True,False,2519,1382,409,409,1.66,Jan 2026
"Compliant gut issues | Gut heavy - tied to the toilet | Biotic⁺ | Hi-fi | Video | 10-20s | Animation, Comparison | Funny | Personal Problem/Benefit - Gut health, Personal Problem/Benefit - Poo, Take control | Problem Aware | Heights | PDP |  | Delivery #18.25",Biotic,False,False,,Internal,3002,125,1498,7,2025-09-16,2025-09-17,2025-09-29,12,36,Ageing,False,False,675,551,272,0,1.5,Sep 2025
"Cost comparison | Takeaway | Vitals⁺ | Static | Static |  | Product imagery, Comparison |  | Price positioning | Product Aware | Heights - Adam | Energy LP |  | Delivery #24.25",Vitals,False,False,,Internal,7510,88,5217,2,2025-12-04,2025-12-11,2026-01-04,24,24,Ageing,False,False,549,611,500,3263,1.74,Dec 2025
Video | HM | CM2 | UGC NET NEW: [C6]_[Vitals]_[TT Spencer Mathews Reaction] - Actor 45 yr man | Problem Aware | UGC | Framework | Daily Energy/Fatigue - Dads | 4,Vitals,False,False,,Hambi,27077,97,6176,9,2025-11-21,2025-11-22,2025-12-11,19,27,Ageing,True,False,1036,1165,1060,2271,2.06,Nov 2025
Image | Hambi | CM2 | DESIGN NET NEW: [C4]_[Vitals]_[We’re Sorry] | Problem Aware | Design | Framework | Angle Test | 4 | V1,Vitals,False,False,,Hambi,22900,69,14939,9,2025-12-29,2025-12-29,2026-01-03,5,21,Ageing,False,True,4587,5506,2034,1938,4.98,Dec 2025
"Dan UGC Vitals Intro Bundle Hook 4 | Vitals⁺ + Magnesium⁺ + Sleep Mask | Lo-fi | Video | UGC, Lo-fi, Ambassador | Heights Internal | Intro Bundle LP | 4.26",Vitals,True,False,,Internal,3740,107,3637,4,2026-03-17,2026-03-17,2026-04-04,18,10,Prime,True,False,960,1285,1282,110,1.21,Mar 2026
Image | Hambi |  | ITERATION: Iteration_[01/10]_[Sleep & Energy Starter Kit]_[Bundle Static]  | Product Aware | Iterations | Framework | Social Proof | 5 | V3,Bundle,True,False,,Hambi,73350,69,17851,12,2025-10-30,2025-10-30,2025-11-07,8,30,Ageing,True,True,2054,4444,4915,5268,5.95,Oct 2025
Video | Hambi | CM4 | ITERATION: Iteration_[02/10]_[Vitals]_[Jake Humphrey Ad]  | Problem Aware | Iterations | Framework | Celebrity Ad | 4 | V1,Vitals,False,True,Jake Humphrey,Celeb,9667,106,8965,4,2025-10-28,2025-11-02,2025-11-10,8,30,Ageing,True,False,2303,3291,2417,954,2.99,Nov 2025
"Spencer Matthews Ambassador Oli Patrick | Triggered - stripped back | Vitals⁺ | Hi-fi | Video | 45s-1m | Split screen, Podcast | Funny, Educational | Personal problem - Busy lives, Ingredients, USP - convenience, Scepticism | Problem Unaware | Brightshift | Energy LP |  | Delivery #22.25",Vitals,False,True,Spencer Matthews,Celeb,10291,86,4774,5,2025-11-11,2025-11-12,2025-11-21,9,28,Ageing,True,False,2571,1448,198,496,1.59,Nov 2025
Image | Hambi | CM2 | DESIGN NET NEW: [C4]_[Vitals]_[We’re Sorry] | Problem Aware | Design | Framework | Angle Test | 4 | V2,Vitals,False,False,,Hambi,7382,61,5849,9,2025-12-29,2025-12-29,2026-01-11,13,21,Ageing,True,False,1683,1837,1565,703,1.95,Dec 2025
Carol Vorderman | hook - get asked what i take | Vitals + Magnesium⁺ + Sleep Mask | Lo-fi | Video | 45s-1m | Talking to camera | Personal story | Personal Problem/Benefit -  Sleep & energy | Solution Aware | Heights | Intro bundle LP | @carol_vorders | Delivery #20.25,Vitals,True,True,Carol Vorderman,Celeb,16819,72,4533,10,2025-10-17,2025-10-17,2025-11-04,18,32,Ageing,True,False,1018,1163,1094,868,1.51,Oct 2025
"Matt - Dan & Matt Bundle | Hook v2 | Vitals⁺ + Magnesium⁺ + Sleep Mask | Hi-fi | Video | Podcast, Discount | Funny | Problem/Benefit - Sleep, Problem/Benefit - Energy, Price Positioning | Ready to Buy | Brightshift | Intro Bundle LP 25.25",Vitals,True,False,,Brightshift,18817,53,12940,5,2025-12-23,2025-12-26,2025-12-31,5,22,Ageing,True,False,6143,3541,1477,1316,4.31,Dec 2025
"Compliant gut issues | Gut heavy - controlled by your gut | Biotic⁺ | Hi-fi | Video | 10-20s | Animation, Comparison | Funny | Personal Problem/Benefit - Gut health, Personal Problem/Benefit - Poo, Take control | Problem Aware | Heights | PDP |  | Delivery #18.25",Biotic,False,False,,Internal,2507,132,1725,7,2025-09-16,2025-09-18,2025-10-02,14,36,Ageing,False,False,105,830,307,485,1.73,Sep 2025
Video | Hambi | CM2 | UGC NET NEW: [C7]_[Vitals]_[Fatigued Dad Ai Timeline Transformation] - Editors only  | Solution Aware | UGC | Framework | Daily Energy/Fatigue - Dads | 4,Vitals,False,False,,Hambi,7078,107,4641,6,2025-11-28,2025-12-07,2025-12-20,13,25,Ageing,True,False,1305,1712,506,520,1.55,Dec 2025
"Rylan - Launch Assets | Groggy to grinning - Hook 1 - Short | Vitals⁺ | Hi-fi | Video | Podcast | Problem/Benefit - Energy, Busy lives | Problem Aware, Solution Aware | Brightshift | Energy LP 25.25",Vitals,False,True,Rylan,Celeb,7022,89,4569,11,2025-12-23,2025-12-26,2026-01-05,10,22,Ageing,True,False,1165,2766,437,199,1.52,Dec 2025
Ben Shephard Energy_Long Hook 3_Hi-fi_Video_Podcast_Vitals_Delivery #21,Vitals,False,True,Ben Shephard,Celeb,123044,61,44852,21,2024-12-27,2025-01-01,2025-01-04,3,73,Ageing,True,True,13264,14399,6330,8439,14.95,Jan 2025
"Sleep & energy bundle | Offer still live | Vitals + Magnesium⁺ + Sleep Mask | Lo-fi | Video | 1m-1m30s | Talking to camera, Discount | Funny | Personal Problem/Benefit -  Sleep & energy, Price positioning | Ready to buy | Heights | Intro Bundle LP |  | Delivery #21.25",Vitals,True,False,,Internal,16428,73,5892,6,2025-11-11,2025-11-12,2025-11-22,10,28,Ageing,True,False,858,2959,1231,593,1.96,Nov 2025
AMA | Bloating as body betrayal woman V2 | Biotic⁺ | Lo-fi | Static | GUTCONTROL | BLOAT | 25 - 40 W IBS | MOFU | Freelancer/Contractor | 5.26,Biotic,False,False,,Internal,1074,269,1074,2,2026-03-14,2026-03-14,2026-04-06,23,11,Ageing,False,False,74,326,420,254,1.07,Mar 2026
Image | HM | CM4 | DESIGN NET NEW: [C1]_[Sleep & Energy Bundle]_[Value Showcase] | Solution Aware | Design | Framework | Bundle/Offer | 1,Bundle,True,False,,Hambi,3386,89,3278,2,2026-02-06,2026-02-06,2026-02-16,10,16,Ageing,True,False,2020,1258,0,0,1.09,Feb 2026
"Spencer Matthews Ambassador Oli Patrick | Triggered - dynamic | Vitals⁺ | Hi-fi | Video | 45s-1m | Split screen, Podcast | Funny, Educational | Personal problem - Busy lives, Ingredients, USP - convenience, Scepticism | Problem Unaware | Brightshift | Energy LP |  | Delivery #22.25",Vitals,False,True,Spencer Matthews,Celeb,24164,76,5314,7,2025-11-11,2025-11-12,2025-12-03,21,28,Ageing,True,False,312,705,1881,1826,1.77,Nov 2025
Carol Vorderman | hook - prioritise health | Vitals + Magnesium⁺ + Sleep Mask | Lo-fi | Video | 45s-1m | Talking to camera | Personal story | Personal Problem/Benefit -  Sleep & energy | Solution Aware | Heights | Intro bundle LP | @carol_vorders | Delivery #20.25,Vitals,True,True,Carol Vorderman,Celeb,7918,76,4030,4,2025-10-17,2025-10-17,2025-11-05,19,32,Ageing,False,False,26,1074,2173,722,1.34,Oct 2025
"Social burnout | Overstimulated | Vitals⁺ | Static | Static |  | Product imagery | Supportive | Seasonal, Personal Problem/Benefit -  Sleep & energy | MOFU | Heights | Energy LP |  | Delivery #16.25",Vitals,False,False,,Internal,4718,71,4057,7,2025-08-18,2025-08-19,2025-08-26,7,40,Ageing,True,False,2479,1483,76,6,1.35,Aug 2025
Video | HM | CM4 | UGC NET NEW: [C7]_[Sleep & Energy Bundle]_[Green Screen Reaction] - Harriet  | Product Aware | UGC | Framework | Convenience | 5,Bundle,True,False,,Hambi,17852,99,11650,5,2026-02-06,2026-02-06,2026-02-14,8,16,Ageing,False,True,2547,2766,2060,3308,3.88,Feb 2026
"Cortisol and sleep stats with a New Year Spin  | Leave burnout in 2025 | Vitals⁺ | Static | Static | Product Imagery | Problem/Benefit - Sleep, Problem/Benefit - Cortisol, Science | Problem Aware, Solution Aware, Product Aware | Heights Internal | Energy LP 25.25",Vitals,False,False,,Internal,26576,80,17010,10,2025-12-26,2025-12-26,2026-01-01,6,22,Ageing,True,True,3470,4873,3307,4340,5.67,Dec 2025
Spencer nutritionist advice | Hook 2 Narrative 1 | Biotic⁺ | Hi-fi | Video | Podcast | Problem Unaware | PDP | Re-launch - Copy,Biotic,False,False,,Internal,1368,274,1356,2,2026-03-08,2026-03-08,2026-03-25,17,12,Ageing,False,False,639,214,157,235,1.36,Mar 2026
Image | Hambi | CM1 | @HEIGHTS: Iteration_[2/9]_[Vitals]_[Social Burnout] | Problem Aware | Iterations | Framework |  | 5 - V1,Vitals,False,False,,Hambi,5903,107,4607,6,2025-10-04,2025-10-04,2025-10-17,13,34,Ageing,True,False,940,2083,1049,534,1.54,Oct 2025
2603-047-04_pd:biotic_ps:weightloss_v:commentresponse_h:question_ac:brandhandle_ed:aimee_f:static_off:no_na_s:internal_ct:iteration_sp:b-06,Biotic,False,False,,Internal,1340,191,1340,3,2026-03-27,2026-03-28,2026-04-04,7,9,Prime,False,False,830,499,11,0,1.34,Mar 2026
"Intro bundle IG story | 2 weeks in | Vitals + Magnesium⁺ + Sleep Mask | Lo-fi | Static |  | Product imagery, Ugly ad, Discount |  | Personal Problem/Benefit -  Sleep & energy, Price positioning | BOFU | Heights | Intro Bundle LP |  | Delivery #15.25",Vitals,True,False,,Internal,102611,72,20633,4,2025-08-05,2025-08-05,2025-08-13,8,42,Ageing,True,True,1531,5889,6825,4993,6.88,Aug 2025
The foods you’ve stopped eating | Biotic⁺ | Hi-fi | Video | NORMAL | PERMFEAR | 40 - 65 W LONG TERM | MOFU | Freelancer/Contractor | 5.26,Biotic,False,False,,Internal,2920,225,2901,4,2026-03-13,2026-03-13,2026-03-17,4,11,Ageing,True,False,1739,1089,56,17,2.9,Mar 2026
Video | Hambi | CM5 | UGC NET NEW: [C2]_[Vitals]_[Listicles 3 Reasons] | Solution Aware | UGC | Framework | Celebrity Social Proof | 3 | v3,Vitals,False,False,,Hambi,3711,143,3685,2,2026-03-06,2026-03-06,2026-03-22,16,12,Ageing,True,False,975,1560,1146,4,1.23,Mar 2026
"Ambassador Spencer Matthews Ben Shephard Jake Humphrey | Fatherhood mashup Medium | Vitals⁺ | Hi-fi | Video | 30-45s | Compilation, Podcast, Broll, AI | Personal story, Supportive | Personal Problem/Benefit -  Energy, Personal problem - Busy lives, Personal problem - Parenting, Social proof | MOFU | Brightshift | Energy LP |  | Delivery #16.25",Vitals,False,True,Spencer Matthews,Celeb,8695,102,5220,10,2025-08-21,2025-08-21,2025-09-03,13,40,Ageing,False,False,363,2794,1545,355,1.74,Aug 2025
Organic Whitelisting |  | Vitals⁺ | Lo-fi | Video | 10-20s | UGC | Personal story | Routine | MOFU | Charlie Oscar | PDP | @caz_whittingham | Delivery #15.25,Vitals,False,False,,Influencer,4320,120,3857,2,2026-02-27,2026-02-27,2026-03-26,27,13,Ageing,False,False,116,124,1106,1894,1.29,Feb 2026
"Intro bundle design iteration | Ulimate sleep & energy bundle 2 | Vitals + Magnesium⁺ + Sleep Mask | Static | Static |  | Product imagery, Discount |  | Personal Problem/Benefit -  Sleep & energy | Ready to buy | Heights | Intro Bundle LP |  | Delivery #19.25",Vitals,True,False,,Internal,6329,70,3321,3,2025-09-30,2025-09-30,2025-10-26,26,34,Ageing,False,False,698,942,882,600,1.11,Sep 2025
Partnership _ Ben Shephard Energy_Long Hook 3_Hi-fi_Video_Podcast_Vitals_Delivery #21,Vitals,False,True,Ben Shephard,Celeb,9880,86,4409,4,2025-06-30,2025-07-01,2025-07-16,15,47,Ageing,False,False,1386,1357,1411,255,1.47,Jul 2025
Out for delivery | Light blue | Biotic⁺ | Static | Static | Product Imagery | Bacteria survivability | Solution Chaser | SC - One safe choice not 5 risky ones | Solution aware | Heights Internal | A/B test | 3.26,Biotic,False,False,,Internal,1709,142,1709,2,2026-02-17,2026-02-18,2026-02-23,5,14,Ageing,False,False,1216,492,0,0,1.71,Feb 2026
"Organic Whitelisting |  | Vitals⁺ + Biotic⁺, Hydrate⁺ - Starter Pack | Lo-fi | Video | 10-20s | UGC | Personal story | Customer story | MOFU | Charlie Oscar | PDP | @laurauns | Delivery #15.25",Vitals,True,False,,Influencer,3108,111,3108,1,2026-02-27,2026-02-27,2026-03-08,9,13,Ageing,False,False,1954,1154,0,0,1.04,Feb 2026
Organic Whitelisting |  | Vitals⁺ | Lo-fi | Static | n/a | UGC | Personal story | Transformation - Feel like your best self | MOFU | Charlie Oscar | PDP | @abigail_l1ndsay | Delivery #15.25,Vitals,False,False,,Influencer,5187,137,5114,2,2026-02-27,2026-02-27,2026-03-07,8,13,Ageing,False,False,2471,2478,0,118,1.7,Feb 2026
"Organic Whitelisting |  | Vitals⁺ + Biotic⁺, Hydrate⁺ - Starter Pack | Lo-fi | Video | 10-20s | UGC | Personal story | Transformation - Feel like your best self | MOFU | Charlie Oscar | PDP | @lesliesneddon | Delivery #15.25",Vitals,True,False,,Influencer,5429,106,5258,2,2026-02-23,2026-02-23,2026-03-08,13,13,Ageing,False,False,1242,1758,2164,16,1.75,Feb 2026
"Someone accidentally set this live |  | Ultimate Health Trio | Lo-fi | Video | 30-45s | Talking to camera, Discount |  | Price positioning | BOFU | Heights | Ultimate Trio LP | @hayleysarrattdotcom | Delivery #9.25",Bundle,True,False,,Internal,37234,84,5156,2,2025-05-13,2025-05-13,2025-06-05,23,54,Ageing,False,False,245,1185,1099,2042,1.72,May 2025
"Omega 3 highlight | Not your average multivitamin | Vitals⁺ | Static | Static |  | Product imagery, Text focus | Educational | Transformation - Feel like your best self, Ingredients, USP - Simplicity, USP - Vegan-friendly | MOFU | Heights | Energy LP |  | Delivery #16.25",Vitals,False,False,,Internal,44243,74,9721,7,2025-08-18,2025-08-19,2025-08-27,8,40,Ageing,False,True,2338,3489,1402,1389,3.24,Aug 2025
"Notes app bundle offer | Paragraph | Vitals + Magnesium⁺ + Sleep Mask | Lo-fi | Static |  | Product imagery, Text focus, Ugly ad, Notes app, Discount |  | Personal Problem/Benefit -  Sleep & energy | BOFU | Heights | Intro bundle LP |  | Delivery #11.25",Vitals,True,False,,Internal,26960,89,11965,2,2025-06-17,2025-06-17,2025-06-25,8,49,Ageing,False,True,1969,3899,3366,2178,3.99,Jun 2025
"New year new you | Your best self is waiting | Vitals⁺ | Static | Static | Product Imagery | Supportive | Feel Like Your Best Self, Seasonal | Problem Aware | Heights Internal, Freelancer/Contractor | Energy LP 25.25",Vitals,False,False,,Internal,3994,111,3994,3,2025-12-28,2025-12-28,2026-01-06,9,22,Ageing,False,False,2039,1954,0,0,1.33,Dec 2025
New year new poo_Strikeout_Static_Gif_Product imagery_Biotic_Delivery #21,Biotic,False,False,,Internal,1161,73,1161,1,2024-12-24,2025-01-01,2025-01-09,8,73,Ageing,False,False,818,343,0,0,1.16,Jan 2025
"New year new energy iterations | Energy that lasts beyond January - pill | Vitals⁺ | Static | Static | Product Imagery | Problem/Benefit - Energy, Seasonal | Problem Aware | Heights Internal | Energy LP | 1.26",Vitals,False,False,,Internal,3658,87,3658,2,2026-01-20,2026-01-20,2026-02-03,14,18,Ageing,False,False,1337,1554,767,0,1.22,Jan 2026
New year meme_Homer simpson_Static_Static_Ugly ad_Biotic_Delivery #21,Biotic,False,False,,Internal,8922,40,6200,6,2024-12-25,2025-01-01,2025-01-05,4,73,Ageing,False,True,1686,1161,401,2430,6.2,Jan 2025
Spencer Biotic Product _wanna look like this?_Hi-fi_Video_Podcast_Biotic_Delivery #11,Biotic,False,False,,Internal,5888,80,2812,8,2025-01-21,2025-01-22,2025-02-07,16,70,Ageing,False,False,364,507,701,1180,2.81,Jan 2025
"Raise your standards H1s | Elevate your sh*t game | Static | Static |  | Product imagery | Poo, Brand, Raise your standards | TOFU | Heights | Biotic⁺ | Delivery #6.25",Biotic,False,False,,Internal,1903,190,1898,4,2025-04-18,2025-04-18,2025-04-21,3,58,Ageing,False,False,1524,359,3,9,1.9,Apr 2025
"Social burnout | This is the reset | Vitals⁺ | Static | Static |  | Product imagery | Supportive | Seasonal, Personal Problem/Benefit -  Sleep & energy | MOFU | Heights | Energy LP |  | Delivery #16.25",Vitals,False,False,,Internal,20354,76,17517,7,2025-08-18,2025-08-19,2025-08-31,12,40,Ageing,False,True,240,4705,5886,6098,5.84,Aug 2025
Partnership _ Ben Shephard Energy_Long Hook 3_Hi-fi_Video_Podcast_Vitals_Delivery #21 - Copy,Vitals,False,True,Ben Shephard,Celeb,46127,98,6406,1,2025-05-14,2025-05-15,2025-06-02,18,54,Ageing,False,False,106,1363,3781,1084,2.14,May 2025
Sleep and energy bundle_January offer_Static_Static_Discount_Vitals + Magnesium + Sleep Mask_Delivery #1.25,Vitals,True,False,,Internal,294195,66,13548,7,2025-01-30,2025-01-30,2025-02-09,10,69,Ageing,False,True,2005,3053,2242,4422,4.52,Jan 2025
"Reframing gut symptoms | Low energy | Biotic⁺ | Static | Static |  | Product imagery, Text focus |  | Personal Problem/Benefit - Gut health, Personal Problem/Benefit -  Energy | MOFU | Heights | PDP |  | Delivery #16.25",Biotic,False,False,,Internal,2934,154,2805,2,2025-08-27,2025-08-28,2025-09-09,12,39,Ageing,False,False,124,1109,1572,0,2.81,Aug 2025
Replying to comments_Average multivitamin_Static_Static_Text focus_Vitals⁺_Delivery #2.25,Vitals,False,False,,Internal,3094,52,3092,2,2025-02-11,2025-02-11,2025-03-02,19,67,Ageing,False,False,149,1429,1515,0,1.03,Feb 2025
"Rylan - Caught in Act “Winds me up” | Hook 3 | Vitals⁺ | Lo-fi | Video | Skit, UGC | Funny | Social proof, Supplement overwhelm | Solution Aware | Energy LP
25.25",Vitals,False,True,Rylan,Celeb,3087,77,3087,2,2025-12-22,2025-12-30,2026-01-25,26,21,Ageing,False,False,1834,1053,0,201,1.03,Dec 2025
"Rylan - Launch Assets | Always on - Hook 2 - Short | Vitals⁺ | Hi-fi | Video | Podcast | Problem/Benefit - Energy, Busy lives | Problem Aware, Solution Aware | Brightshift | Energy LP
25.25",Vitals,False,True,Rylan,Celeb,6373,86,4756,1,2025-12-23,2025-12-26,2026-01-08,13,22,Ageing,False,False,1822,1259,1068,608,1.59,Dec 2025
"Rylan - Launch Assets | Always on - Hook 3 - Long | Vitals⁺ | Hi-fi | Video | Podcast | Problem/Benefit - Energy, Busy lives | Problem Aware, Solution Aware | Brightshift | Energy LP
25.25",Vitals,False,True,Rylan,Celeb,6771,63,4241,1,2025-12-23,2025-12-26,2026-01-18,23,22,Ageing,False,False,423,1234,1026,967,1.41,Dec 2025
"Rylan - Launch Assets | Groggy to grinning - Hook 3 - Long | Vitals⁺ | Hi-fi | Video | Podcast | Problem/Benefit - Energy, Busy lives | Problem Aware, Solution Aware | Brightshift | Energy LP 25.25",Vitals,False,True,Rylan,Celeb,4577,86,3305,1,2025-12-23,2025-12-27,2026-01-19,23,22,Ageing,False,False,307,966,1013,1019,1.1,Dec 2025
"Rylan - Launch Assets | Groggy to grinning - Hook 3 - Short | Vitals⁺ | Hi-fi | Video | Podcast | Problem/Benefit - Energy, Busy lives | Problem Aware, Solution Aware | Brightshift | Energy LP 25.25",Vitals,False,True,Rylan,Celeb,3933,70,3817,1,2025-12-23,2025-12-26,2026-01-05,10,22,Ageing,False,False,1306,2497,13,0,1.27,Dec 2025
"Rylan - Wellness confessionals | Pippa - Hook 2 | Vitals⁺ | Hi-fi | Video | Skit | Funny | Supplement overwhelm | Solution Aware | Brightshift | Supplement overwhelm LP
25.25",Vitals,False,True,Rylan,Celeb,11224,82,10376,3,2025-12-24,2025-12-26,2026-01-03,8,22,Ageing,False,False,1875,5275,2451,594,3.46,Dec 2025
"Rylan - Ring ring | Script 1 Hook 1 | Vitals⁺ | Hi-fi | Video | Skit | Funny | Solution Aware, Product Aware, Ready to Buy | Brightshift | Energy LP
25.25",Vitals,False,True,Rylan,Celeb,11506,78,10504,3,2025-12-23,2025-12-26,2025-12-30,4,22,Ageing,False,False,3982,5762,761,0,3.5,Dec 2025
"Rylan - Ring ring | Script 3 Hook 2 | Vitals⁺ | Hi-fi | Video | Skit | Funny | Solution Aware, Product Aware, Ready to Buy | Brightshift | Energy LP
25.25",Vitals,False,True,Rylan,Celeb,5557,93,4423,2,2025-12-23,2025-12-26,2026-01-08,13,22,Ageing,False,False,1690,1390,1343,0,1.47,Dec 2025
"Rylan - Ring ring | Script 4 Hook 2 | Vitals⁺ + Magnesium⁺ + Sleep Mask | Hi-fi | Video | Skit | Funny | Solution Aware, Product Aware, Ready to Buy | Brightshift | Intro Bundle LP
25.25",Vitals,True,True,Rylan,Celeb,4592,62,4192,2,2025-12-23,2025-12-26,2026-01-02,7,22,Ageing,False,False,2677,1192,130,77,1.4,Dec 2025
1.33 for x_Cortisol_Static_Static__Billboard_Price positioning_BOFU_Heights_Vitals⁺_Delivery #4.25,Vitals,False,False,,Internal,3409,100,3409,3,2025-03-10,2025-03-24,2025-04-18,25,61,Ageing,False,False,1594,1021,0,794,1.14,Mar 2025
"Thrive H1 test | General - longevity begins from within | Thrive⁺ | Static | Static |  | Product imagery, Messaging |  | Personal Problem/Benefit - Longevity | Problem Aware | Heights - Adam | Thrive PDP |  | Delivery #23.25",Thrive,False,False,,Internal,1397,100,1284,3,2025-11-19,2025-11-20,2025-12-08,18,27,Ageing,False,False,381,330,377,196,1.28,Nov 2025
"Spencer Matthews Ambassador Podcast | Fatherhood Hook 1 | Biotic⁺ | Hi-fi | Video | 1m-1m30s | Podcast, Broll | Personal story, Inspirational, Funny | Personal Problem/Benefit - Sleep, Personal Problem/Benefit - Performance, Personal problem - Parenting, Personal Problem/Benefit - Muscle recovery,  | Brightshift | Spencer Biotic LP |  | Delivery #18.25",Biotic,False,True,Spencer Matthews,Celeb,4719,175,1047,7,2025-09-18,2025-09-20,2025-10-16,26,36,Ageing,False,False,389,191,150,317,1.05,Sep 2025
"Ultimate health trio offer | Free Magnesium Now £69 | Ultimate Health Trio, Vitals⁺ + Biotic⁺ + Magnesium⁺ | Static | Static |  | Discount, Product imagery |  | Personal Problem/Benefit - Holistic health | BOFU | Heights | Ultimate Trio LP |  | Delivery #9.25",Vitals,True,False,,Internal,31683,119,14751,2,2025-05-13,2025-05-13,2025-05-21,8,54,Ageing,False,True,2419,3781,3639,3801,4.92,May 2025
"Ultimate health trio offer | Save £61 | Ultimate Health Trio, Vitals⁺ + Biotic⁺ + Magnesium⁺ | Static | Static |  | Discount, Product imagery |  | Personal Problem/Benefit - Holistic health | BOFU | Heights | Ultimate Trio LP |  | Delivery #9.25",Vitals,True,False,,Internal,19175,91,4383,2,2025-05-13,2025-05-13,2025-05-28,15,54,Ageing,False,False,499,1952,979,677,1.46,May 2025
"Ultimate health trio sticky note |  | Vitals⁺ + Biotic⁺ + Magnesium⁺, Ultimate Health Trio | Lo-fi | Static |  | Product imagery, Ugly ad |  | Personal Problem/Benefit - Sleep, Personal Problem/Benefit -  Energy, Personal Problem/Benefit - Gut health, Personal Problem/Benefit - Muscle recovery | BOFU | Heights | Ultimate Health Trio LP |  | Delivery #15.25",Vitals,True,False,,Internal,5026,112,5026,1,2025-08-05,2025-08-05,2025-08-11,6,42,Ageing,False,False,3356,1670,0,0,1.68,Aug 2025
Ultimate mashup_Style 2 Hook 2_Hi-fi_Video_Compilation_Vitals⁺_Delivery #2.25,Vitals,False,False,,Internal,4169,116,3515,3,2025-02-12,2025-02-12,2025-03-11,27,67,Ageing,False,False,32,4,433,2974,1.17,Feb 2025
Ultimate mashup_Style 2 Hook 3_Hi-fi_Video_Compilation_Vitals⁺_Delivery #2.25,Vitals,False,False,,Internal,9279,79,6592,9,2025-02-12,2025-02-12,2025-02-23,11,67,Ageing,False,False,1238,2778,2576,0,2.2,Feb 2025
Video | HM | CM4 | UGC NET NEW: [C1]_[Vitals]_[Whiteboard Expert Timeline] - Joe  | Problem Aware | UGC | Framework | Timeline focus | 4,Vitals,False,False,,Hambi,8947,147,7931,8,2026-02-06,2026-02-06,2026-02-28,22,16,Ageing,False,False,888,291,758,5349,2.64,Feb 2026
"Video | HM | CM4 | UGC NET NEW: [C4]_[Vitals]_[TT Celeb Energy Reaction] - Joe  | Solution Aware | UGC | Framework | Daily Energy/Fatigue - Dads,Daily Energy/Fatigue - Busy Mums | 4",Vitals,False,False,,Hambi,6117,118,6117,3,2026-02-06,2026-02-06,2026-02-18,12,16,Ageing,False,False,1646,1679,1646,1146,2.04,Feb 2026
"Video | Hambi | CM1 | [C3]_[Thrive]_[Celebrity Reaction] | Solution Aware | UGC | Framework | Physical Benefit - Anti-Ageing,Longevity | 2 | v2",Thrive,False,False,,Hambi,4266,213,4266,1,2026-03-06,2026-03-08,2026-03-17,9,12,Ageing,False,False,866,2913,469,18,4.27,Mar 2026
"Video | Hambi | CM2 | HP NET NEW: [C3]_[Vitals]_[Customer Testimonial Post 60s Living Healthy] | Problem Aware | HP | Framework | Post Menopause Clarity,Living Healthier 60+ | 4",Vitals,False,False,,Hambi,5198,137,4544,10,2025-12-24,2025-12-28,2026-01-02,5,22,Ageing,False,False,3914,630,0,0,1.51,Dec 2025
Video | Hambi | CM3 | UGC NET NEW: [C4]_[Vitals]_[POV Problem/Solution X2] - Harriet & Jacob  | Problem Aware | UGC | Framework |  Pain-point Stacking | 4 | V1,Vitals,False,False,,Hambi,9992,114,9226,5,2025-12-24,2025-12-28,2026-01-03,6,22,Ageing,False,False,3173,2673,653,2728,3.08,Dec 2025
Vitals 1 Hook 1,Vitals,False,False,,Internal,3313,127,3313,2,2025-04-02,2025-04-02,2025-04-12,10,60,Ageing,False,False,1541,1773,0,0,1.1,Apr 2025
"Vogue Williams Ambassador DR | Best version of Vogue - Hook 1 | Biotic⁺ | Hi-fi | Video | 45s-1m | Podcast, Broll | Personal story | Transformation - Feel like your best self, USP - Simplicity, Personal Problem/Benefit - Gut health, USP -Bacteria survivability | Solution Aware, Product Aware, Ready to buy | Brightshift | PDP |  | Delivery #20.25",Biotic,False,True,Vogue Williams,Celeb,3205,146,3205,1,2025-10-15,2025-10-16,2025-10-27,11,32,Ageing,False,False,431,748,1110,916,3.2,Oct 2025
"Vogue Williams Ambassador DR | Convenience - Hook 2 | Biotic⁺ | Hi-fi | Video | 45s-1m | Podcast, Broll | Personal story | USP - Simplicity, Personal Problem/Benefit - Gut health, Personal problem - Supplement overwhelm, Personal problem - Busy lives, USP -Bacteria survivability, USP - convenience | Solution Aware, Product Aware, Ready to buy | Brightshift | PDP |  | Delivery #20.25",Biotic,False,True,Vogue Williams,Celeb,1232,95,1232,1,2025-10-15,2025-10-16,2025-10-31,15,32,Ageing,False,False,520,467,245,0,1.23,Oct 2025
"Vogue Williams Ambassador Read and React | With hook | Biotic⁺ | Hi-fi | Video |  | Talking to camera, Skit | Funny | Personal Problem/Benefit - Gut health, Personal Problem/Benefit - Skin hair nails, Personal Problem/Benefit - Brain health, Scepticism | Solution Aware | Brightshift | Vogue Biotic LP |  | Delivery #18.25",Biotic,False,True,Vogue Williams,Celeb,2213,148,1301,4,2025-09-18,2025-09-20,2025-10-09,19,36,Ageing,False,False,293,404,317,156,1.3,Sep 2025
"Vogue Williams Ambassador new content | Podcast Hook 1 | Vitals⁺ | Hi-fi | Video | 30-45s | Podcast, Broll, Graphic | Personal story | Personal Problem/Benefit - Holistic health, Personal problem - Busy lives, USP - Simplicity, Routine, USP - convenience | MOFU | Brightshift | Energy LP |  | Delivery #16.25",Vitals,False,True,Vogue Williams,Celeb,16589,119,4738,7,2025-08-21,2025-08-21,2025-09-12,22,40,Ageing,False,False,836,1916,143,1206,1.58,Aug 2025
"Vogue Williams Ambassador new content | Ultraprocessed Hook 3 | Vitals⁺ | Hi-fi | Video | 30-45s | Talking to camera, Green screen, Voiceover, Graphic | Educational | Personal Problem/Benefit - Holistic health, Ingredients, USP - convenience | MOFU | Brightshift | Energy LP |  | Delivery #16.25",Vitals,False,True,Vogue Williams,Celeb,3230,92,3230,3,2025-08-21,2025-08-21,2025-09-09,19,40,Ageing,False,False,1073,1072,856,228,1.08,Aug 2025
"Vox pops Hayley | Super - a question of poo Hook 1 | Biotic⁺ | Hi-fi | Video | 1m-1m30s | Vox pops | Educational, Funny | Personal Problem/Benefit - Poo, Personal Problem/Benefit - Gut health, Social proof | Problem Aware | Brightshift | PDP |  | Delivery #22.25",Biotic,False,False,,Brightshift,1033,344,1033,1,2025-11-13,2025-11-13,2025-11-17,4,28,Ageing,False,False,1033,0,0,0,1.03,Nov 2025
Vox pops ft. Hayley_With sophie_Hi-fi_Video_Vox pops_Vitals_Delivery #10,Vitals,False,False,,Internal,3026,37,3026,3,2024-11-06,2025-01-01,2025-01-27,26,73,Ageing,False,False,1014,448,140,1424,1.01,Jan 2025
"Wedding day bloating |  | Biotic⁺ | Lo-fi | Video | 1m-1m30s | Green screen | Supportive, Funny, Personal story | Personal Problem/Benefit - Gut health, Seasonal | MOFU | Heights | PDP |  | Delivery #16.25",Biotic,False,False,,Internal,1307,109,1307,1,2025-08-27,2025-08-28,2025-08-30,2,39,Ageing,False,False,1307,0,0,0,1.31,Aug 2025
"Weight loss journey | Secret to 10/10 | Biotic⁺ | Lo-fi | Static |  | UGC, Customer quote | Personal story | Personal Problem/Benefit - Gut health, Personal Problem/Benefit - Poo | Problem Aware | Heights | PDP |  | Delivery #21.25",Biotic,False,False,,Internal,11341,76,11146,1,2025-10-29,2025-10-31,2025-11-02,2,30,Ageing,False,True,3119,2783,3134,2110,11.15,Oct 2025
Whitelist _ Ben Shephard Energy_Long Hook 3_Hi-fi_Video_Podcast_Vitals_Delivery #21,Vitals,False,True,Ben Shephard,Celeb,51003,86,18593,7,2025-05-14,2025-05-17,2025-05-26,9,54,Ageing,False,True,1640,5998,2975,7139,6.2,May 2025
"Whitelist | Ben Shephard Ambassador Vital Energy | Bring on the data | Vitals⁺ | Hi-fi | Video | 1m-1m30s | Podcast | Educational, Personal story | Personal Problem/Benefit -  Energy, Science results, Scepticism, Personal Problem/Benefit - Sleep, Personal Problem/Benefit - Longevity, Social proof, Personal Problem/Benefit - Focus | MOFU | Brightshift | Energy LP |  | Delivery #11.25",Vitals,False,True,Ben Shephard,Celeb,26772,77,4929,3,2025-06-18,2025-06-19,2025-07-06,17,49,Ageing,False,False,295,1359,2420,855,1.64,Jun 2025
"Whitelist | Ben Shephard Ambassador Vital Energy | Total exhaustion | Vitals⁺ | Hi-fi | Video | 1m-1m30s | Podcast | Educational, Personal story | Personal Problem/Benefit -  Energy, Science results, Scepticism, Personal Problem/Benefit - Sleep, Personal Problem/Benefit - Longevity, Social proof, Personal Problem/Benefit - Focus | MOFU | Brightshift | Energy LP |  | Delivery #11.25",Vitals,False,True,Ben Shephard,Celeb,13758,94,7976,4,2025-06-18,2025-06-19,2025-06-26,7,49,Ageing,False,False,2720,2523,2181,552,2.66,Jun 2025
Why subscribe_Notes app _Static_Static_Product imagery_Vitals⁺_Delivery #2.25,Vitals,False,False,,Internal,4279,82,4269,2,2025-02-11,2025-02-11,2025-03-03,20,67,Ageing,False,False,3,1107,2116,1042,1.42,Feb 2025
"You deserve x for Christmas | Health on a shelf | Vitals⁺ | Static | Static |  | Product imagery |  | Personal Problem/Benefit - Holistic health, Seasonal | Problem Aware | Heights - Adam | Energy LP |  | Delivery #24.25",Vitals,False,False,,Internal,7242,75,5597,2,2025-12-06,2025-12-06,2025-12-29,23,25,Ageing,False,False,53,956,1111,2481,1.87,Dec 2025
new year same gut? let’s not | Not this time | Biotic⁺ | Static | Static | Illustration | Funny | Problem/Benefit - Poo | Problem Aware | Heights Internal | PDP 25.25,Biotic,False,False,,Internal,2052,114,2052,1,2025-12-19,2025-12-26,2025-12-28,2,22,Ageing,False,False,1804,248,0,0,2.05,Dec 2025
"podcast mashup | focus | Hi-fi | Video | 45s-1m | Podcast | Brain fog, Focus | MOFU | Heights | Vitals⁺ | Delivery #8.25",Vitals,False,False,,Internal,4547,111,4547,2,2025-05-01,2025-05-01,2025-05-15,14,56,Ageing,False,False,1486,1209,1852,0,1.52,May 2025
staff discount | harvard acceptance | Lo-fi | Video | 20-30s | Trend | Sleep & energy | BOFU | Heights | Vitals + Magnesium⁺ + Sleep Mask | Delivery #7.25,Vitals,True,False,,Internal,5316,124,5316,2,2025-05-01,2025-05-01,2025-05-09,8,56,Ageing,False,False,2621,1203,702,791,1.77,May 2025
"Ultimate health trio offer | Now £69 | Ultimate Health Trio, Vitals⁺ + Biotic⁺ + Magnesium⁺ | Static | Static |  | Discount, Product imagery |  | Personal Problem/Benefit - Holistic health | BOFU | Heights | Ultimate Trio LP |  | Delivery #9.25",Vitals,True,False,,Internal,4216,141,4216,2,2025-05-13,2025-05-13,2025-05-27,14,54,Ageing,False,False,1166,1782,627,641,1.41,May 2025
UGC | Man - Hook 1 | Biotic⁺ | Lo-fi | Video | GUTCONTROL | BLOAT | 25 - 40 M IBS | MOFU | 5.26,Biotic,False,False,,Internal,2100,233,2100,1,2026-03-19,2026-03-19,2026-03-24,5,10,Prime,False,False,1690,410,0,0,2.1,Mar 2026
"Spencer Matthews Ambassador Podcast | Sceptic Hook 2 | Vitals⁺ | Hi-fi | Video | 45s-1m | Podcast, Broll | Personal story, Funny | Personal Problem/Benefit - Sleep, Personal Problem/Benefit - Focus, Personal Problem/Benefit - Performance, Personal Problem/Benefit - Muscle recovery, Social proof, Scepticism | Solution Aware | Brightshift | Spencer Vitals LP |  | Delivery #18.25",Vitals,False,True,Spencer Matthews,Celeb,6965,116,6490,5,2025-09-18,2025-09-19,2025-09-29,10,36,Ageing,False,False,1762,3165,931,556,2.16,Sep 2025
"Tired Achiever Persona | First person POV take control | Vitals⁺ | Lo-fi | Video | 30-45s | Compilation, Voiceover, AI, UGC | Supportive | Personal Problem/Benefit -  Energy, Personal problem - Busy lives, Personal Problem/Benefit - Brain fog, Personal Problem/Benefit - Focus, Transformation - Feel like yourself again, Take control | MOFU | Icon | Energy LP |  | Delivery #11.25",Vitals,False,False,,Internal,7033,110,5621,7,2025-06-12,2025-06-12,2025-06-21,9,50,Ageing,False,False,1905,2933,208,526,1.87,Jun 2025
"Spencer Matthews Vogue Williams Ambassador Podcast | Script 1 Hook 1 | Biotic⁺ | Hi-fi | Video | 45s-1m | Podcast, Broll | Funny | Personal Problem/Benefit - Gut health, Personal Problem/Benefit - Holistic health, Social proof, USP -Bacteria survivability | Product Aware | Brightshift | Spencer Biotic LP |  | Delivery #18.25",Biotic,False,True,Spencer Matthews,Celeb,6962,142,3356,7,2025-09-17,2025-09-20,2025-10-06,16,36,Ageing,False,True,25,345,1415,1174,3.36,Sep 2025
"Spencer Matthews Vogue Williams Ambassador Podcast | Script 1 Hook 3 | Vitals⁺ | Hi-fi | Video | 1m-1m30s | Podcast, Broll | Funny | Personal Problem/Benefit - Holistic health, Transformation - Feel like your best self, Routine, USP - convenience | Product Aware | Brightshift | Energy LP |  | Delivery #18.25",Vitals,False,True,Spencer Matthews,Celeb,4060,90,3341,3,2025-09-17,2025-09-17,2025-10-08,21,36,Ageing,False,False,444,804,1558,535,1.11,Sep 2025
"Spencer Matthews Vogue Williams Ambassador Podcast | Script 2 Hook 1 | Biotic⁺ | Hi-fi | Video | 45s-1m | Podcast, Broll | Funny | Social proof, Scepticism, Routine, Industry problem - Raise your standards, Personal Problem/Benefit - Gut health | Solution Aware | Brightshift | Spencer Biotic LP |  | Delivery #18.25",Biotic,False,True,Spencer Matthews,Celeb,10131,103,1459,5,2025-09-18,2025-09-20,2025-10-07,17,36,Ageing,False,False,839,80,226,232,1.46,Sep 2025
"Spencer Matthews Vogue Williams Ambassador Podcast | Script 2 Hook 1 | Vitals⁺ | Hi-fi | Video | 45s-1m | Podcast, Broll | Funny | Personal Problem/Benefit - Holistic health, Social proof, Scepticism, Routine, Industry problem - Raise your standards | Solution Aware | Brightshift | Energy LP |  | Delivery #18.25",Vitals,False,True,Spencer Matthews,Celeb,3026,108,3026,2,2025-09-17,2025-09-17,2025-10-10,23,36,Ageing,False,False,1765,789,257,216,1.01,Sep 2025
"Spencer Matthews Vogue Williams Ambassador Podcast | Script 2 Hook 2 | Vitals⁺ | Hi-fi | Video | 45s-1m | Podcast, Broll | Funny | Personal Problem/Benefit - Holistic health, Social proof, Scepticism, Routine, Industry problem - Raise your standards | Solution Aware | Brightshift | Energy LP |  | Delivery #18.25",Vitals,False,True,Spencer Matthews,Celeb,6102,130,4799,2,2025-09-17,2025-09-17,2025-10-12,25,36,Ageing,False,False,33,236,887,2835,1.6,Sep 2025
"Spencer Matthews Vogue Williams Ambassador Podcast | Script 2 Hook 3 | Biotic⁺ | Hi-fi | Video | 1m-1m30s | Podcast, Broll | Funny | Social proof, Scepticism, Routine, Industry problem - Raise your standards, Personal Problem/Benefit - Gut health, Personal Problem/Benefit - Poo | Solution Aware | Brightshift | Spencer Biotic LP |  | Delivery #18.25",Biotic,False,True,Spencer Matthews,Celeb,5337,144,3558,6,2025-09-18,2025-09-20,2025-09-25,5,36,Ageing,False,False,1566,1992,0,0,3.56,Sep 2025
Spencer Vitals Story_skeptic - sign_Hi-fi_Video_Podcast_Vitals_Delivery #11,Vitals,False,False,,Internal,4439,123,4174,4,2025-03-18,2025-03-19,2025-04-10,22,62,Ageing,False,False,16,2530,193,1434,1.39,Mar 2025
Spencer stitch | V2 Hook 2 | Biotic⁺ | Lo-fi | Video | Reaction | Funny | Poo | Problem aware | Brightshift | 4.26,Biotic,False,False,,Brightshift,1072,134,1072,1,2026-03-02,2026-03-02,2026-03-13,11,12,Ageing,False,False,690,383,0,0,1.07,Mar 2026
Staff discount__Lo-fi_Video_Trend_Vitals⁺ + Magnesium⁺ + Sleep Mask_Delivery #2.25,Vitals,True,False,,Internal,21399,68,9673,7,2025-02-06,2025-02-06,2025-02-17,11,68,Ageing,False,False,1695,2677,3338,1576,3.22,Feb 2025
Sticky note immunity_USPs_Static_Static_Ugly ad_Vitals_Delivery #21,Vitals,False,False,,Internal,7910,73,5352,1,2024-12-22,2025-01-01,2025-01-24,23,73,Ageing,False,False,65,1107,956,2544,1.78,Jan 2025
"Street Voxpop - Biotic - Dan Pitching Mashup - Non-Customer | Hook 2 | Biotic⁺ | Hi-fi | Video | Voxpop, Mashup | Education | Product Pitch | Problem Aware | YSC | PDP
25.25",Biotic,False,False,,Internal,1866,144,1866,1,2026-01-02,2026-01-02,2026-01-14,12,21,Ageing,False,False,151,1191,524,0,1.87,Jan 2026
"Street Voxpop - Biotic - Gut Mashup - Non-Customer | Hook 1 | Biotic⁺ | Hi-fi | Video | Voxpop, Mashup | Education | Problem/Benefit - Gut health | Problem Aware | YSC | PDP 25.25",Biotic,False,False,,Internal,1128,161,1128,2,2025-12-23,2025-12-26,2026-01-12,17,22,Ageing,False,False,112,271,744,0,1.13,Dec 2025
Street Voxpop - Dan Pitching Thrive | Hook V2 | Hi-fi | Video | Voxpop | Thrive | 24.25 - Copy 2,Thrive,False,False,,Internal,1294,72,1294,1,2026-01-07,2026-01-08,2026-01-28,20,20,Ageing,False,False,212,730,282,70,1.29,Jan 2026
"Street Voxpop - Intro Bundle - Sleep+Energy Mashup - Non-Customer | Hook 2 | Vitals⁺ + Magnesium⁺ + Sleep Mask | Hi-fi | Video | Voxpop, Mashup | Education | Problem/Benefit - Sleep, Problem/Benefit - Energy | Problem Aware | YSC | Intro Bundle LP
25.25",Vitals,True,False,,Internal,3823,101,3823,1,2025-12-24,2025-12-26,2026-01-01,6,22,Ageing,False,False,3092,731,0,0,1.27,Dec 2025
"Target profile | The multivitamin for real life routines | Vitals⁺ | Static | Static |  | Product imagery |  | Personal Problem/Benefit -  Sleep & energy, Personal Problem/Benefit - Focus, Personal Problem/Benefit - Productivity, Personal problem - Busy lives | Solution Aware | Heights | Energy LP |  | Delivery #19.25",Vitals,False,False,,Internal,6688,117,5765,4,2025-09-26,2025-09-26,2025-10-16,20,35,Ageing,False,False,461,675,1981,2649,1.92,Sep 2025
Tasha Narrative_Long_Hi-fi_Video_Talking to camera_Vitals_Delivery #20,Vitals,False,False,,Internal,9782,64,5109,31,2024-12-27,2025-01-01,2025-01-12,11,73,Ageing,False,False,1588,1972,1225,314,1.7,Jan 2025
Tasha Podcast_Mental Exhaustion Long Hook 1_Hi-fi_Video_Talking to camera_Vitals_Delivery #20,Vitals,False,False,,Internal,14141,55,9639,24,2024-12-12,2025-01-01,2025-01-07,6,73,Ageing,False,False,3065,3361,3042,158,3.21,Jan 2025
Tasha Podcast_Mental Exhaustion Long Hook 2_Hi-fi_Video_Talking to camera_Vitals_Delivery #20,Vitals,False,False,,Internal,6045,66,5245,3,2024-12-12,2025-01-01,2025-01-26,25,73,Ageing,False,False,51,64,425,3852,1.75,Jan 2025
The ultimate multivitamin | Everyone can't stop talking about | Vitals⁺ | Static | Static |  | Product imagery |  | Social proof | Solution Aware | Heights | Energy LP |  | Delivery #19.25,Vitals,False,False,,Internal,4684,127,4576,2,2025-09-30,2025-10-01,2025-10-20,19,34,Ageing,False,False,564,1322,1406,1038,1.53,Oct 2025
This supplement has ruined my life__Lo-fi_Video_Talking to camera_Biotic⁺_Delivery #3.25,Biotic,False,False,,Internal,1408,117,1284,2,2025-03-10,2025-03-11,2025-03-18,7,63,Ageing,False,False,882,402,0,0,1.28,Mar 2025
"Thrive H1 test | Emotional - isn't just for you | Thrive⁺ | Static | Static |  | Product imagery, Messaging |  | Personal Problem/Benefit - Longevity | Problem Aware | Heights - Adam | Thrive PDP |  | Delivery #23.25",Thrive,False,False,,Internal,4690,107,4290,4,2025-11-19,2025-11-20,2025-11-25,5,27,Ageing,False,False,1077,568,1695,925,4.29,Nov 2025
"Thrive H1 test | Future you - feel your best now and in future | Thrive⁺ | Static | Static |  | Product imagery, Messaging |  | Personal Problem/Benefit - Longevity | Problem Aware | Heights - Adam | Thrive PDP |  | Delivery #23.25",Thrive,False,False,,Internal,1342,224,1284,3,2025-11-19,2025-11-20,2025-12-06,16,27,Ageing,False,False,311,286,688,0,1.28,Nov 2025
"New bundle best offer ever | Dan | Vitals⁺ + Biotic⁺ + Magnesium⁺, Ultimate Health Trio | Lo-fi | Video | 30-45s | Talking to camera, Discount | Educational | Price positioning | BOFU | Heights | Ultimate Health Trio LP |  | Delivery #10.25",Vitals,True,False,,Internal,32168,108,17072,1,2025-05-28,2025-05-28,2025-06-01,4,52,Ageing,False,True,4549,4667,3852,2995,5.69,May 2025
"Thrive comparison | IV drips | Thrive⁺ | Static | Static |  | Comparison, Split screen |  | Personal Problem/Benefit - Longevity, Ingredients | Solution Aware | Heights | Thrive PDP |  | Delivery #23.25",Thrive,False,False,,Internal,2259,205,2259,1,2025-12-02,2025-12-08,2025-12-22,14,24,Ageing,False,False,6,709,1104,440,2.26,Dec 2025
"Thrive ingredients popping up | Product | Thrive⁺ | Lo-fi | Video | Under 10s | Text on video |  | Personal Problem/Benefit - Longevity, Ingredients | Solution Aware | Heights - Adam | Thrive PDP |  | Delivery #23.25",Thrive,False,False,,Internal,12327,101,2457,5,2025-11-25,2025-12-09,2025-12-22,13,24,Ageing,False,True,396,795,946,320,2.46,Dec 2025
"Thrive messaging iterations - solution aware | The smarter way to support healthy ageing | Thrive⁺ | Static | Carousel | Product Imagery | Education | Ingredients, Problem/Benefit - Longevity | Solution Aware | Heights Internal | Thrive 2-step | 1.26",Thrive,False,False,,Internal,1875,208,1875,1,2026-01-22,2026-01-22,2026-01-30,8,18,Ageing,False,False,793,1082,0,0,1.87,Jan 2026
"Thrive | Text over b-roll compilation - hard work | Thrive⁺ | Lo-fi | Video | 20-30s | Text on video, Broll | Supportive | Personal Problem/Benefit - Longevity | Problem Aware | Heights - Adam | Thrive PDP |  | Delivery #23.25",Thrive,False,False,,Internal,2757,102,2757,3,2025-11-25,2025-12-08,2025-12-16,8,24,Ageing,False,False,917,1183,657,0,2.76,Dec 2025
"New year BUT better you | New year, new energy | Vitals⁺ | Static | Static | Product Imagery | Inspirational | Problem/Benefit - Energy, Seasonal | Problem Aware | Heights Internal, Freelancer/Contractor | Energy LP
25.25",Vitals,False,False,,Internal,7361,66,7312,3,2025-12-28,2025-12-28,2026-01-03,6,22,Ageing,False,False,3135,4177,0,0,2.44,Dec 2025
IMAGE | Bundle v3,Bundle,False,False,,Internal,9920,36,7828,3,2024-11-06,2025-01-01,2025-01-06,5,73,Ageing,False,False,3914,3467,351,97,2.61,Jan 2025
"Must be a glitch |  | Vitals⁺ + Biotic⁺ + Magnesium⁺, Ultimate Health Trio | Lo-fi | Video | 10-20s | Discount | Funny | Price positioning | MOFU | Heights | Ultimate Health Trio LP |  | Delivery #10.25",Vitals,True,False,,Internal,30670,88,8200,1,2025-05-28,2025-05-28,2025-06-08,11,52,Ageing,False,False,2209,1319,2084,2157,2.73,May 2025
"Carol Vorderman Ambassador -  Loop Animation Hook 1 | Biotic⁺ | Hi-fi | Video | Animation | Gut health, Bacteria survivability | Health Optimiser | HO - Solution Switcher | Solution aware | Heights Internal, Freelancer/Contractor | 3.26",Biotic,False,True,Carol Vorderman,Celeb,1059,1059,1059,2,2026-02-21,2026-02-21,2026-03-03,10,14,Ageing,False,False,469,590,0,0,1.06,Feb 2026
Ben Shephard Energy_Long Hook 1_Hi-fi_Video_Podcast_Vitals_Delivery #21,Vitals,False,True,Ben Shephard,Celeb,5156,72,4108,5,2024-12-27,2025-01-01,2025-01-19,18,73,Ageing,False,False,16,1569,2129,394,1.37,Jan 2025
Ben Shephard I value the truth_Long Hook 1_Hi-fi_Video_Talking to camera_Vitals_Delivery #1.25,Vitals,False,True,Ben Shephard,Celeb,5523,68,5522,3,2025-01-21,2025-01-21,2025-01-31,10,70,Ageing,False,False,1870,2068,1584,0,1.84,Jan 2025
Ben Shephard I value the truth_Long Hook 1_Hi-fi_Video_Talking to camera_Vitals_Delivery #1.25 - Copy,Vitals,False,True,Ben Shephard,Celeb,19059,116,7033,1,2025-06-20,2025-06-20,2025-07-04,14,49,Ageing,False,False,3,2502,2393,1538,2.34,Jun 2025
Ben Shephard Turning 50_Long Hook 1_Hi-fi_Video_Podcast_Vitals_Delivery #21,Vitals,False,True,Ben Shephard,Celeb,9899,48,5765,18,2024-12-27,2025-01-01,2025-01-03,2,73,Ageing,False,False,4152,640,839,92,1.92,Jan 2025
Ben Shephard Turning 50_Long Hook 3_Hi-fi_Video_Podcast_Vitals_Delivery #21,Vitals,False,True,Ben Shephard,Celeb,7751,45,7107,7,2024-12-27,2025-01-01,2025-01-02,1,73,Ageing,False,False,4510,1184,1353,55,2.37,Jan 2025
Ben Shephard_Iterations Hook 2 Long_Hi-fi_Video_Podcast_Biotic⁺_Delivery #2.25,Biotic,False,True,Ben Shephard,Celeb,7306,96,2756,2,2025-02-11,2025-02-11,2025-02-19,8,67,Ageing,False,False,750,1207,799,0,2.76,Feb 2025
Ben/Leanne_Hook 1 Long_Hi-fi_Video_Podcast_Vitals⁺_Delivery #3.25,Vitals,False,False,,Internal,8621,103,6864,5,2025-02-22,2025-02-23,2025-03-12,17,66,Ageing,False,False,73,990,4422,1168,2.29,Feb 2025
Ben/Leanne_Hook 1 Short_Hi-fi_Video_Podcast_Vitals⁺_Delivery #3.25,Vitals,False,False,,Internal,8297,83,6978,8,2025-02-22,2025-02-23,2025-02-28,5,66,Ageing,False,False,3942,2476,292,259,2.33,Feb 2025
Ben/Leanne_Hook 2 Long_Hi-fi_Video_Podcast_Vitals⁺_Delivery #3.25,Vitals,False,False,,Internal,14517,102,4831,4,2025-02-22,2025-02-23,2025-03-21,26,66,Ageing,False,False,111,556,336,2848,1.61,Feb 2025
"Biotic Sketch Animation “Gut Gains” | Hook 2 | Biotic⁺ | Hi-fi | Video | Animation, AI | Solution Chaser | HO - Health starts in the gut | Heights Internal, Freelancer/Contractor | 3.26",Biotic,False,False,,Internal,2201,314,2201,2,2026-02-20,2026-02-20,2026-02-24,4,14,Ageing,False,False,1981,220,0,0,2.2,Feb 2026
"Biotic Sketch Animation “Gut Gains” | Hook 3 | Biotic⁺ | Hi-fi | Video | Animation, AI | Solution Chaser | HO - Health starts in the gut | Heights Internal, Freelancer/Contractor | 3.26",Biotic,False,False,,Internal,1055,352,1055,2,2026-02-20,2026-02-20,2026-02-24,4,14,Ageing,False,False,1055,0,0,0,1.05,Feb 2026
Biotic⁺ Benefits timeline  | Biotic⁺ | Static | Static | Product Imagery | Gut health | Health Optimiser | HO - Solution Switcher | Solution aware | Heights Internal | A/B test | 3.26,Biotic,False,False,,Internal,1313,438,1313,2,2026-02-17,2026-02-17,2026-02-24,7,14,Ageing,False,False,969,344,0,0,1.31,Feb 2026
"Carol Biotic - “Biotic Made Simple” (25s Vers) Hook 1 | Biotic⁺ | Hi-fi | Video | Podcast, B-roll | Bacteria survivability | Health Optimiser | HO - Solution Switcher | Solution aware, Product aware | Heights Internal, Freelancer/Contractor | 3.26",Biotic,False,False,,Internal,1014,338,1014,2,2026-02-27,2026-02-27,2026-03-03,4,13,Ageing,False,False,1014,0,0,0,1.01,Feb 2026
"Carol Vorderman Ambassador -  Loop Animation Hook 2 | Biotic⁺ | Hi-fi | Video | Animation | Gut health, Bacteria survivability | Health Optimiser | HO - Solution Switcher | Solution aware | Heights Internal, Freelancer/Contractor | 3.26",Biotic,False,True,Carol Vorderman,Celeb,1867,467,1867,2,2026-02-21,2026-02-21,2026-02-25,4,14,Ageing,False,False,1572,295,0,0,1.87,Feb 2026
"Ben Shephard - Vitals Long Form | Hook v2 | Vitals⁺ | Hi-fi | Video | Podcast | Problem/Benefit - Energy, Problem/Benefit - Focus | Problem Aware, Solution Aware, Product Aware | Brightshift | Energy LP
25.25",Vitals,False,True,Ben Shephard,Celeb,4530,103,3664,2,2025-12-23,2025-12-26,2026-01-23,28,22,Ageing,False,False,17,100,424,1997,1.22,Dec 2025
"Carol Vorderman Ambassador -  Loop Animation Hook 3 | Biotic⁺ | Hi-fi | Video | Animation | Gut health, Bacteria survivability | Health Optimiser | HO - Solution Switcher | Solution aware | Heights Internal, Freelancer/Contractor | 3.26",Biotic,False,True,Carol Vorderman,Celeb,1421,142,1421,2,2026-02-21,2026-02-21,2026-02-27,6,14,Ageing,False,False,1182,239,0,0,1.42,Feb 2026
"Carol Vorderman Ambassador Ageing well | Chaotic stress | Vitals⁺ | Hi-fi | Video | 45s-1m | Podcast | Supportive, Personal story | Personal Problem/Benefit - Longevity, USP - Simplicity, Personal problem - Supplement overwhelm, Personal Problem/Benefit - Holistic health | MOFU | Brightshift | Energy LP |  | Delivery #11.25",Vitals,False,True,Carol Vorderman,Celeb,44552,100,6290,9,2025-06-12,2025-06-12,2025-07-03,21,50,Ageing,False,False,177,891,1522,3130,2.1,Jun 2025
"Carol Vorderman Ambassador Ageing well | Clutter to clarity | Vitals⁺ | Hi-fi | Video | 45s-1m | Podcast | Supportive, Personal story | Personal Problem/Benefit - Longevity, USP - Simplicity, Personal problem - Supplement overwhelm, Personal Problem/Benefit - Holistic health | MOFU | Brightshift | Energy LP |  | Delivery #11.25",Vitals,False,True,Carol Vorderman,Celeb,13082,110,3022,4,2025-06-12,2025-06-12,2025-07-11,29,50,Ageing,False,False,14,553,2346,4,1.01,Jun 2025
Carol Vorderman Ambassador_Ageing well Long Hook 1_Hi-fi_Video_1m-1m30s_Podcast_Longevity_MOFU_Brightshift_Vitals⁺_Delivery #4.25,Vitals,False,True,Carol Vorderman,Celeb,51356,110,10839,24,2025-03-03,2025-03-03,2025-03-10,7,64,Ageing,False,False,2955,4712,2433,738,3.61,Mar 2025
Carol Vorderman Ambassador_Ageing well Short Hook 1_Hi-fi_Video_45s-1m_Podcast_Longevity_MOFU_Brightshift_Vitals⁺_Delivery #4.25,Vitals,False,True,Carol Vorderman,Celeb,9459,111,4012,12,2025-03-03,2025-03-03,2025-03-23,20,64,Ageing,False,False,624,792,1629,947,1.34,Mar 2025
Carol Vorderman Ambassador_Sleep Long Hook 1B_Hi-fi_Video_1m-1m30s_Podcast_Sleep_MOFU_Brightshift_Vitals⁺_Delivery #4.25,Vitals,False,True,Carol Vorderman,Celeb,5133,112,4073,4,2025-03-03,2025-03-03,2025-03-19,16,64,Ageing,False,False,165,1378,2530,0,1.36,Mar 2025
"Carol x Dan Podcast,  Biotic “Convince me” | Hook 2 | Biotic⁺ | Hi-fi | Video | Podcast | Solution Chaser | HO - Science over hype | Freelancer/Contractor, Heights Internal | 3.26",Biotic,False,True,Carol X Dan,Celeb,1660,184,1660,2,2026-02-20,2026-02-20,2026-03-01,9,14,Ageing,False,False,416,1244,0,0,1.66,Feb 2026
"Carol x Dan Podcast, Biotic Variation Hook 1 | Hook 1 | Biotic⁺ | Hi-fi | Video | Podcast | Solution Chaser | HO - Health starts in the gut | Heights Internal, Freelancer/Contractor | 3.26",Biotic,False,True,Carol X Dan,Celeb,1213,607,1213,2,2026-02-17,2026-02-17,2026-02-26,9,14,Ageing,False,False,467,747,0,0,1.21,Feb 2026
"Carol x Dan Podcast, Biotic Variation Hook 2 | Hook 2 | Biotic⁺ | Hi-fi | Video | Podcast | Solution Chaser | HO - Health starts in the gut | Heights Internal, Freelancer/Contractor | 3.26",Biotic,False,True,Carol X Dan,Celeb,1041,347,1041,2,2026-02-17,2026-02-17,2026-02-24,7,14,Ageing,False,False,915,126,0,0,1.04,Feb 2026
Catalyst Daisy Wave 2_Hook: how many supplements are you taking right now_Lo-fi_ShortVideo_30-45s_UGC_Vitals + Magnesium⁺ + Sleep Mask_Delivery #7.25_Supplement overwhelm_Native_36 - 45_Female,Vitals,True,False,,Internal,3490,134,3008,4,2025-04-30,2025-04-30,2025-05-29,29,56,Ageing,False,False,1618,1375,1,4,1.0,Apr 2025
"Catalyst Wave 6 & 7 | Lewis Being WFH energy Hook 1 | Vitals⁺ | Lo-fi | ShortVideo | 20-30s | UGC, Voiceover, Broll, Talking to camera | Personal story | Personal Problem/Benefit - Productivity, Personal Problem/Benefit - Focus, Transformation - Feel like yourself again | 25 - 35 | Male | MOFU | Energy LP | Delivery #17.25 |",Vitals,False,False,,Internal,4756,101,4756,1,2025-09-04,2025-09-05,2025-09-13,8,38,Ageing,False,False,2291,2464,0,0,1.59,Sep 2025
"Catalyst Wave 6 & 7 | Lindsay After lunch slump Hook 2 | Vitals⁺ | Lo-fi | ShortVideo | 10-20s | UGC, Voiceover, Broll, Talking to camera | Personal story | Personal Problem/Benefit -  Energy | 46 - 55 | Female | MOFU | Energy LP | Delivery #17.25 |",Vitals,False,False,,Internal,5539,118,5539,1,2025-09-04,2025-09-05,2025-09-18,13,38,Ageing,False,False,807,2350,2382,0,1.85,Sep 2025
Christmas gift_Health_Static_Static_Product imagery_Vitals_Delivery #21,Vitals,False,False,,Internal,4153,55,4153,7,2024-12-22,2025-01-01,2025-01-17,16,73,Ageing,False,False,1209,1453,1490,1,1.38,Jan 2025
"Ben Shephard Ambassador Vital Energy | Podcast to data | Vitals⁺ | Hi-fi | Video | 45s-1m | Podcast | Educational, Personal story | Personal Problem/Benefit -  Energy, Scepticism, Social proof | MOFU | Brightshift | Energy LP |  | Delivery #11.25",Vitals,False,True,Ben Shephard,Celeb,40557,95,11577,5,2025-06-12,2025-06-12,2025-06-29,17,50,Ageing,False,True,13,996,4358,4746,3.86,Jun 2025
"Ben Shephard - Tale of Two Cutouts | Vitals- Hook v2 | Vitals⁺ | Hi-fi | Video | Narrative | Problem/Benefit - Longevity, Problem/Benefit - Energy | Problem Aware, Solution Aware, Product Aware | Brightshift | Energy LP 25.25",Vitals,False,True,Ben Shephard,Celeb,9130,92,8394,4,2025-12-23,2025-12-26,2025-12-30,4,22,Ageing,False,False,4676,3588,131,0,2.8,Dec 2025
"Consistent energy | Energy spike graph - From foggy to fully charged | Vitals⁺ | Static | Static |  | Product imagery, Comparison, Split screen |  | Personal Problem/Benefit -  Energy | Problem Aware | Heights | Energy LP |  | Delivery #17.25",Vitals,False,False,,Internal,4979,121,4979,2,2025-09-02,2025-09-02,2025-09-17,15,38,Ageing,False,False,671,1910,2306,92,1.66,Sep 2025
AIT 5 | Matt Willis - Vitals | HQ Video,Vitals,False,True,Matt Willis,Celeb,4828,101,4828,2,2025-11-19,2025-11-19,2025-11-29,10,27,Ageing,False,False,1695,1862,757,514,1.61,Nov 2025
3 | PR article | Vogue |Bundle | Jun 5,Bundle,False,False,,Internal,4156,46,3494,2,2024-06-05,2025-01-01,2025-01-26,25,73,Ageing,False,False,673,1129,665,843,1.16,Jan 2025
AI - Rise above brain fog/low energy | Brain fog | Vitals⁺ | Static | Static | AI | Brain fog | Problem aware | Heights Internal | Energy LP | 3.26,Vitals,False,False,,Internal,6249,106,6249,1,2026-02-13,2026-02-14,2026-03-04,18,15,Ageing,False,False,1182,640,1759,2046,2.08,Feb 2026
AI - Rise above brain fog/low energy | Low energy | Vitals⁺ | Static | Static | AI | Energy | Problem aware | Heights Internal | Energy LP | 3.26,Vitals,False,False,,Internal,3015,67,3015,2,2026-02-13,2026-02-14,2026-02-26,12,15,Ageing,False,False,1323,1692,0,0,1.01,Feb 2026
AIT 1 | Matt Willis | Biotic HQ Video,Biotic,False,True,Matt Willis,Celeb,2368,95,1864,2,2025-02-21,2025-02-21,2025-03-03,10,66,Ageing,False,False,473,1182,209,0,1.86,Feb 2025
AIT 1 | Matt Willis | Vitals HQ Video,Vitals,False,True,Matt Willis,Celeb,74972,91,4865,4,2025-02-21,2025-02-21,2025-03-01,8,66,Ageing,False,False,2489,2324,52,0,1.62,Feb 2025
AIT 1 | Spencer Vitals Product _wanna look like this?_Hi-fi_Video_Podcast_Vitals_Delivery #11 | July 30,Vitals,False,False,,Internal,4279,40,3427,3,2024-11-25,2025-01-01,2025-01-25,24,73,Ageing,False,False,1667,760,353,526,1.14,Jan 2025
AIT 11 | Matt Willis - Vitals | HQ Video | Mar 4,Vitals,False,True,Matt Willis,Celeb,3035,47,3035,4,2024-12-27,2025-01-01,2025-01-12,11,73,Ageing,False,False,2303,732,0,0,1.01,Jan 2025
AIT 12 | Matt Willis - Vitals | HQ Video | Mar 4,Vitals,False,True,Matt Willis,Celeb,61326,57,34935,18,2024-12-27,2025-01-01,2025-01-02,1,73,Ageing,False,True,15344,10843,5335,2412,11.65,Jan 2025
AIT 12 | Matt Willis - Vitals | HQ Video | Mar 4 - Copy,Vitals,False,True,Matt Willis,Celeb,9167,115,4738,3,2025-02-28,2025-03-03,2025-03-27,24,64,Ageing,False,False,484,0,1747,2416,1.58,Mar 2025
AIT 3 | Vogue biotic iteration | May 1 HQ video - Copy,Biotic,False,False,,Internal,1183,49,1183,6,2024-12-27,2025-01-01,2025-01-16,15,73,Ageing,False,False,533,374,274,3,1.18,Jan 2025
AIT 4 | Matt Willis - Vitals | HQ Video,Vitals,False,True,Matt Willis,Celeb,5118,68,4816,2,2025-11-19,2025-11-19,2025-12-08,19,27,Ageing,False,False,327,1450,1444,1222,1.61,Nov 2025
AIT 4 | Matt Willis | Biotic HQ Video,Biotic,False,True,Matt Willis,Celeb,1671,119,1284,2,2025-02-21,2025-02-21,2025-03-08,15,66,Ageing,False,False,144,173,966,0,1.28,Feb 2025
AIT 4 | Press quote v4 - Vitals | April 1 - Copy,Vitals,False,False,,Internal,5048,49,5048,1,2024-05-06,2025-01-01,2025-01-04,3,73,Ageing,False,False,5048,0,0,0,1.68,Jan 2025
AIT 5 | Spencer Vitals Story_skeptic - sign_Hi-fi_Video_Podcast_Vitals_Delivery #11 | July 30,Vitals,False,False,,Internal,20670,33,18270,8,2024-11-25,2025-01-01,2025-01-03,2,73,Ageing,False,True,10032,5800,972,1136,6.09,Jan 2025
"Ben Shephard - Launch Assets | Fit for Life - Hook 3- Long | Vitals⁺ | Hi-fi | Video | Podcast | Problem/Benefit - Energy, Problem/Benefit - Longevity | Problem Aware | Brightshift | Energy LP
25.25",Vitals,False,True,Ben Shephard,Celeb,8543,76,6548,3,2025-12-23,2025-12-26,2026-01-03,8,22,Ageing,False,False,2250,3870,428,0,2.18,Dec 2025
AIT 5 | Vogue | Vitals Podcast | MAR 25 – Copy 5 HQ Video,Vitals,False,False,,Internal,17303,91,9893,3,2025-07-01,2025-07-01,2025-07-11,10,47,Ageing,False,False,1654,2786,2895,2558,3.3,Jul 2025
AMA | Fear this is permanent woman V1 | Biotic⁺ | Lo-fi | Static | NORMAL | PERMFEAR | 40 - 65 W LONG TERM | MOFU | Freelancer/Contractor | 5.26,Biotic,False,False,,Internal,1008,202,1008,1,2026-03-13,2026-03-13,2026-03-22,9,11,Ageing,False,False,644,364,0,0,1.01,Mar 2026
AMA | The world has shrunk man V1 | Biotic⁺ | Lo-fi | Static | NORMAL | SHRUNK | 40 - 65 M LONG TERM | MOFU | Freelancer/Contractor | 5.26,Biotic,False,False,,Internal,1606,321,1606,1,2026-03-13,2026-03-13,2026-04-02,20,11,Ageing,False,False,196,287,686,436,1.61,Mar 2026
AMA | The world has shrunk woman V1 | Biotic⁺ | Lo-fi | Static | NORMAL | SHRUNK | 40 - 65 W LONG TERM | MOFU | Freelancer/Contractor | 5.26,Biotic,False,False,,Internal,1869,208,1869,1,2026-03-13,2026-03-13,2026-03-19,6,11,Ageing,False,False,1060,809,0,0,1.87,Mar 2026
"Alexandra Burke Ambassador | Alex's Story Hook 2 | Hi-fi | Video | 1m30s+ | Green screen, Narrative | Brain fog, Energy | MOFU | Brightshift | Vitals⁺ | Delivery #7.25",Vitals,False,True,Alexandra Burke,Celeb,9960,129,8997,9,2025-04-18,2025-04-18,2025-04-26,8,58,Ageing,False,False,2420,2889,3648,40,3.0,Apr 2025
"Alexandra Burke Ambassador | Energy Angle Long Hook 2 | Hi-fi | Video | 1m-1m30s | Podcast | Energy, Feel like yourself again, Parenting, Busy lives | MOFU | Brightshift | Vitals⁺ | Delivery #8.25",Vitals,False,True,Alexandra Burke,Celeb,6426,111,4326,7,2025-05-01,2025-05-01,2025-05-14,13,56,Ageing,False,False,1551,1636,262,786,1.44,May 2025
"Ambassador Spencer Matthews Ben Shephard Jake Humphrey | Fatherhood mashup Long | Vitals⁺ | Hi-fi | Video | 1m-1m30s | Compilation, Podcast, Broll, AI | Personal story, Supportive | Personal Problem/Benefit -  Energy, Personal problem - Busy lives, Personal problem - Parenting, Social proof | MOFU | Brightshift | Energy LP |  | Delivery #16.25",Vitals,False,True,Spencer Matthews,Celeb,11658,96,8481,5,2025-08-21,2025-08-21,2025-09-05,15,40,Ageing,False,False,97,1185,6569,380,2.83,Aug 2025
"Ambassador Spencer Matthews Ben Shephard Jake Humphrey | Fatherhood mashup Short | Vitals⁺ | Hi-fi | Video | 30-45s | Compilation, Podcast, Broll, AI | Personal story, Supportive | Personal Problem/Benefit -  Energy, Personal problem - Busy lives, Personal problem - Parenting, Social proof | MOFU | Brightshift | Energy LP |  | Delivery #16.25",Vitals,False,True,Spencer Matthews,Celeb,20999,74,18534,5,2025-08-21,2025-08-21,2025-08-26,5,40,Ageing,False,True,5065,7390,2723,2189,6.18,Aug 2025
"Ambassador mash up - proof stack | V3 Hook 2 | Vitals⁺ + Magnesium⁺ + Sleep Mask | Hi-fi | Video | Ambassador Mashup, Compilation | Funny | Sleep, Energy, Discount | Ready to buy | Brightshift | 4.26",Vitals,True,True,Ambassador Mashup,Celeb,7646,125,7646,2,2026-02-28,2026-02-28,2026-03-06,6,13,Ageing,False,False,3171,4280,196,0,2.55,Feb 2026
B12 rant |  | Lo-fi | Video | 1m-1m30s | Talking to camera | Ingredients | MOFU | Heights | Vitals⁺ | Delivery #6.25,Vitals,False,False,,Internal,5892,123,3508,6,2025-04-03,2025-04-05,2025-04-28,23,60,Ageing,False,False,360,247,2026,840,1.17,Apr 2025
Ben Alldis Supplement Overwhelm_Long Hook 1_Hi-fi_Video_Podcast_Vitals_Delivery #21,Vitals,False,False,,Internal,7252,60,4796,7,2024-12-27,2025-01-02,2025-01-09,7,73,Ageing,False,False,2887,379,1531,0,1.6,Jan 2025
"Ben Shephard - Launch Assets | Energy as Freedom - Hook 2 - Long | Vitals⁺ | Hi-fi | Video | Podcast | Problem/Benefit - Energy | Problem Aware | Brightshift | Energy LP
25.25",Vitals,False,True,Ben Shephard,Celeb,13556,84,11547,5,2025-12-23,2025-12-26,2025-12-30,4,22,Ageing,False,False,4555,5557,1306,129,3.85,Dec 2025
"Ben Shephard - Launch Assets | Energy as Freedom - Hook 2 - Short | Vitals⁺ | Hi-fi | Video | Podcast | Problem/Benefit - Energy | Problem Aware | Brightshift | Energy LP
25.25",Vitals,False,True,Ben Shephard,Celeb,17528,95,9150,7,2025-12-23,2025-12-26,2026-01-03,8,22,Ageing,False,False,1100,4513,1764,1711,3.05,Dec 2025
"Compliant gut issues | Dreading mealtimes - before after | Biotic⁺ | Static | Static |  | Split screen | Funny | Personal Problem/Benefit - Gut health, Personal Problem/Benefit - Poo | Problem Aware | Heights | PDP |  | Delivery #21.25",Biotic,False,False,,Internal,2659,95,1359,5,2025-10-31,2025-10-31,2025-11-09,9,30,Ageing,False,False,473,839,47,0,1.36,Oct 2025
Cortisol spiral | Friend text message | Lo-fi | Video | 30-45s | Voiceover | Cortisol | TOFU | Heights | Vitals⁺ | Delivery #8.25,Vitals,False,False,,Internal,10580,2116,3751,4,2025-05-01,2025-05-01,2025-05-27,26,56,Ageing,False,False,1217,572,513,1217,1.25,May 2025
Mind’s somewhere else | Hook 1 | Biotic⁺ | Hi-fi | Video | GUTCONTROL | BLOAT | 25 - 40 M IBS | MOFU | Freelancer/Contractor | 5.26,Biotic,False,False,,Internal,1082,216,1082,2,2026-03-14,2026-03-14,2026-03-24,10,11,Ageing,False,False,573,508,0,0,1.08,Mar 2026
January sleep_To do list_Static_Static_Product imagery_Vitals_Delivery #1.25,Vitals,False,False,,Internal,5473,61,4901,6,2025-01-24,2025-01-28,2025-02-09,12,69,Ageing,False,False,1630,1680,1533,58,1.63,Jan 2025
"Intro bundle - January only offer | Yellow banner  | Vitals⁺ + Magnesium⁺ + Sleep Mask | Static | Static | Discount, Product Imagery, Customer Quote | Problem/Benefit - Energy, Problem/Benefit - Sleep | Ready to Buy | Heights Internal | Intro Bundle LP
25.25",Vitals,True,False,,Internal,36804,63,21266,3,2025-12-19,2025-12-19,2026-01-02,14,23,Ageing,False,True,2,2776,8487,7755,7.09,Dec 2025
"Intro bundle - January only offer | Yellow banner  | Vitals⁺ + Magnesium⁺ + Sleep Mask | Static | Static | Discount, Product Imagery, Customer Quote | Problem/Benefit - Energy, Problem/Benefit - Sleep | Ready to Buy | Heights Internal | Intro Bundle LP25.25",Vitals,True,False,,Internal,18067,73,7669,4,2026-01-07,2026-01-07,2026-01-20,13,20,Ageing,False,False,1292,1809,1208,2579,2.56,Jan 2026
"Intro bundle - January only offer | Yellow banner - customer reviews | Vitals⁺ + Magnesium⁺ + Sleep Mask | Static | Static | Discount, Product Imagery | Problem/Benefit - Energy, Problem/Benefit - Sleep | Ready to Buy | Heights Internal | Intro Bundle LP
25.25",Vitals,True,False,,Internal,5423,62,3399,3,2025-12-19,2025-12-28,2026-01-22,25,22,Ageing,False,False,108,1446,1134,474,1.13,Dec 2025
"Intro bundle IG story | Sleeping through the night | Vitals + Magnesium⁺ + Sleep Mask | Lo-fi | Static |  | Product imagery, Ugly ad, Discount |  | Personal Problem/Benefit -  Sleep & energy, Price positioning | BOFU | Heights | Intro Bundle LP |  | Delivery #15.25",Vitals,True,False,,Internal,18710,87,10574,1,2025-08-05,2025-08-06,2025-08-20,14,42,Ageing,False,False,278,2128,3646,3545,3.52,Aug 2025
"Intro bundle UGC | Sleep & energy bundle | Vitals + Magnesium⁺ + Sleep Mask | Lo-fi | Static |  | Product imagery, Ugly ad, Discount |  | Personal Problem/Benefit -  Sleep & energy, Price positioning | BOFU | Heights | Intro Bundle LP |  | Delivery #15.25",Vitals,True,False,,Internal,3546,177,3546,1,2025-08-05,2025-08-05,2025-08-06,1,42,Ageing,False,False,3546,0,0,0,1.18,Aug 2025
Intro bundle iteration_Deeper sleep & all day energy_Static_Static__Discount_Sleep & energy_MOFU_Heights_Vitals + Magnesium⁺ + Sleep Mask_Delivery #4.25,Vitals,True,False,,Internal,27248,88,16707,8,2025-03-07,2025-03-09,2025-03-16,7,64,Ageing,False,True,2524,3783,4330,4821,5.57,Mar 2025
Intro bundle iteration_Sleep & energy bundle_Static_Static__Discount_Sleep & energy_BOFU_Heights_Vitals + Magnesium⁺ + Sleep Mask_Delivery #4.25,Vitals,True,False,,Internal,25117,89,7705,8,2025-03-07,2025-03-09,2025-03-23,14,64,Ageing,False,False,1018,1743,2697,1765,2.57,Mar 2025
"Intro bundle sticky note | Deeper sleep and all day energy | Vitals + Magnesium⁺ + Sleep Mask | Lo-fi | Static |  | Product imagery, Ugly ad, Discount |  | Personal Problem/Benefit -  Sleep & energy, Price positioning | BOFU | Heights | Intro Bundle LP |  | Delivery #15.25",Vitals,True,False,,Internal,3085,119,3085,1,2025-08-05,2025-08-05,2025-08-15,10,42,Ageing,False,False,1139,1946,0,0,1.03,Aug 2025
Intro bundle_Gonna get fired_Lo-fi_Video_Talking to camera_Vitals + Magnesium + Sleep Mask_Delivery #19,Vitals,True,False,,Internal,85343,52,33728,13,2024-12-06,2025-01-01,2025-01-03,2,73,Ageing,False,True,9432,11766,6177,4919,11.24,Jan 2025
Jake Humphrey Ambassador | Energy Long Hook 1 | Vitals⁺ | Hi-fi | Video | 1m-1m30s | Podcast | Supportive | Personal Problem/Benefit -  Energy | MOFU | Brightshift | Energy LP |  | Delivery #10.25,Vitals,False,True,Jake Humphrey,Celeb,32047,87,16489,5,2025-05-30,2025-05-30,2025-06-12,13,52,Ageing,False,True,0,3265,7408,5060,5.5,May 2025
Jake Humphrey Ambassador | Energy Long Hook 2 | Vitals⁺ | Hi-fi | Video | 1m-1m30s | Podcast | Supportive | Personal Problem/Benefit -  Energy | MOFU | Brightshift | Energy LP |  | Delivery #10.25,Vitals,False,True,Jake Humphrey,Celeb,62160,98,13392,8,2025-05-30,2025-05-30,2025-06-19,20,52,Ageing,False,True,1,1010,2130,7714,4.46,May 2025
Jake Humphrey Ambassador | Gut health Short Hook 1 | Biotic⁺ | Hi-fi | Video | 45s-1m | Podcast | Educational | Personal Problem/Benefit - Gut health | MOFU | Brightshift | PDP |  | Delivery #10.25,Biotic,False,True,Jake Humphrey,Celeb,4947,115,4947,1,2025-05-27,2025-05-28,2025-05-30,2,52,Ageing,False,False,2737,2210,0,0,4.95,May 2025
Jake Humphrey iteration | More story | Vitals⁺ | Hi-fi | Video | 30-45s | Podcast | Personal story | Personal Problem/Benefit -  Energy | MOFU | Heights | Energy LP | jake humphrey | Delivery #15.25,Vitals,False,True,Jake Humphrey,Celeb,40272,110,23402,6,2025-08-08,2025-08-08,2025-08-16,8,42,Ageing,False,True,2382,3784,6657,8746,7.8,Aug 2025
Leanne Hainsby Ambassador_Leanne's story Angle 2 Hook 2_Hi-fi_Video_1m-1m30s_Talking to camera_Health journey_TOFU_Brightshift_Vitals⁺ + Magnesium⁺_Delivery #5.25,Vitals,False,False,,Brightshift,4530,142,4530,1,2025-03-19,2025-03-24,2025-04-03,10,61,Ageing,False,False,2014,2080,437,0,1.51,Mar 2025
Image | Hambi | CM3 | ITERATION: Iteration_[01/01]_[VITALs+mag]_[Burnout]  |  | Iterations |  |  | 51,Vitals,True,False,,Hambi,3187,80,3143,1,2026-01-15,2026-01-16,2026-02-12,27,19,Ageing,False,False,2180,193,146,535,1.05,Jan 2026
"Matt - Launch Assets | Proof you can feel - Hook 1 - Short | Vitals⁺ | Hi-fi | Video | Podcast | Problem/Benefit - Sleep, Problem/Benefit - Energy | Problem Aware, Solution Aware, Product Aware | Brightshift | Energy LP25.25",Vitals,False,False,,Brightshift,14864,97,11093,3,2026-01-07,2026-01-07,2026-01-19,12,20,Ageing,False,False,1596,1904,3651,3170,3.7,Jan 2026
"Matt - Launch Assets | Simplicity that sells - Hook 1 - Long | Vitals⁺ | Hi-fi | Video | Podcast | Problem/Benefit - Sleep, Problem/Benefit - Energy, Supplement overwhelm | Problem Aware, Solution Aware, Product Aware | Brightshift | Supplement overwhelm LP
25.25",Vitals,False,False,,Brightshift,7622,86,4481,2,2025-12-23,2025-12-27,2026-01-20,24,22,Ageing,False,False,866,667,691,1992,1.49,Dec 2025
"Matt - Launch Assets | Simplicity that sells - Hook 1 - Short | Vitals⁺ | Hi-fi | Video | Podcast | Problem/Benefit - Sleep, Problem/Benefit - Energy, Supplement overwhelm | Problem Aware, Solution Aware, Product Aware | Brightshift | Supplement overwhelm LP
25.25",Vitals,False,False,,Brightshift,6895,43,6895,2,2025-12-23,2025-12-26,2025-12-31,5,22,Ageing,False,False,4937,1958,0,0,2.3,Dec 2025
"Matt - Launch Assets | Simplicity that sells - Hook 4 - Long | Vitals⁺ | Hi-fi | Video | Podcast | Problem/Benefit - Sleep, Problem/Benefit - Energy, Supplement overwhelm | Problem Aware, Solution Aware, Product Aware | Brightshift | Supplement overwhelm LP
25.25",Vitals,False,False,,Brightshift,3035,57,3035,2,2025-12-23,2025-12-26,2026-01-17,22,22,Ageing,False,False,1333,322,1113,268,1.01,Dec 2025
"Matt - Launch Assets | Steady over spiky - Hook 1 - Long | Vitals⁺ | Hi-fi | Video | Podcast | Problem/Benefit - Sleep, Problem/Benefit - Energy | Problem Aware, Solution Aware, Product Aware | Brightshift | Energy LP 25.25",Vitals,False,False,,Brightshift,3100,55,3100,1,2025-12-23,2025-12-27,2026-01-02,6,22,Ageing,False,False,3100,0,0,0,1.03,Dec 2025
"Matt - Launch Assets | Steady over spiky - Hook 4 - Short | Vitals⁺ | Hi-fi | Video | Podcast | Problem/Benefit - Sleep, Problem/Benefit - Energy | Problem Aware, Solution Aware, Product Aware | Brightshift | Energy LP 25.25",Vitals,False,False,,Brightshift,4420,54,4420,1,2025-12-23,2025-12-27,2026-01-01,5,22,Ageing,False,False,4420,0,0,0,1.47,Dec 2025
"Matt Willis Ambassador Biotic | Discovery, Solution, Transformation - Hook 4 | Biotic⁺ | Hi-fi | Video | Podcast | Problem/Benefit - Gut health | Problem Unaware, Problem Aware | Brightshift | PDP | 2.26",Biotic,False,True,Matt Willis,Celeb,1056,264,1056,1,2026-02-03,2026-02-03,2026-02-28,25,16,Ageing,False,False,23,142,177,714,1.06,Feb 2026
"Matt Willis Ambassador Biotic | Problem + Agitation Hook 4 | Biotic⁺ | Hi-fi | Video | Podcast | Problem/Benefit - Gut health | Problem Unaware, Problem Aware | Brightshift | PDP | 2.26",Biotic,False,True,Matt Willis,Celeb,1868,187,1868,1,2026-02-04,2026-02-04,2026-02-28,24,16,Ageing,False,False,380,377,98,747,1.87,Feb 2026
"Matt Willis Ambassador Story | Hook 1 | Vitals⁺ | Hi-fi | Video | Podcast | Supplement overwhelm, Problem/Benefit - Energy, Convenience | Problem Aware, Solution Aware | Brightshift | Energy LP | 2.26",Vitals,False,True,Matt Willis,Celeb,14342,127,13526,5,2026-02-03,2026-02-03,2026-02-14,11,16,Ageing,False,False,893,3481,4475,3877,4.51,Feb 2026
Me vs my brain |  | Lo-fi | Video | 45s-1m | Skit | Brain fog | TOFU | Heights | Vitals⁺ | Delivery #8.25,Vitals,False,False,,Internal,22571,3224,4327,5,2025-05-01,2025-05-01,2025-05-21,20,56,Ageing,False,False,1031,1241,805,1015,1.44,May 2025
Millie Podcast_ Script 2 Long  Hook 2_Hi-fi_Video_Talking to camera_Vitals_Delivery #20,Vitals,False,False,,Internal,12930,43,10723,13,2024-12-16,2025-01-01,2025-01-07,6,73,Ageing,False,False,3206,3808,1724,1563,3.57,Jan 2025
Millie Podcast_ Script 2 Long  Hook 2_Hi-fi_Video_Talking to camera_Vitals_Delivery #20 - Copy,Vitals,False,False,,Internal,5183,102,4392,5,2025-02-27,2025-02-27,2025-03-15,16,65,Ageing,False,False,1771,449,1901,188,1.46,Feb 2025
Millie Podcast_ Script 2 Short Hook 3_Hi-fi_Video_Talking to camera_Vitals_Delivery #20 - Copy,Vitals,False,False,,Internal,5790,118,3512,2,2025-02-27,2025-02-27,2025-03-21,22,65,Ageing,False,False,635,1976,242,162,1.17,Feb 2025
"Instagram story reviews | Week 4 of Heights | Lo-fi | Static |  | Customer quote, Ugly ad | Energy, Focus | MOFU | Heights | Vitals⁺ | Delivery #6.25",Vitals,False,False,,Internal,21916,89,4030,8,2025-04-03,2025-04-05,2025-04-15,10,60,Ageing,False,False,1489,2263,278,0,1.34,Apr 2025
Image | Hambi | CM1 | @HEIGHTS: Iteration_[3/9]_[Intro bundle]_[Native Notes App] | Product Aware | Iterations | Framework |  | 6 - V6,Bundle,True,False,,Hambi,5994,82,3874,2,2025-10-04,2025-10-04,2025-10-31,27,34,Ageing,False,False,1227,368,0,1465,1.29,Oct 2025
"Cortisol | Cortisol down | Vitals⁺ | Static | Static |  | Graphic |  | Personal Problem/Benefit - Cortisol, Science results | Problem Aware | Heights | Energy LP |  | Delivery #21.25",Vitals,False,False,,Internal,5070,71,4888,3,2025-10-29,2025-11-01,2025-11-16,15,30,Ageing,False,False,1900,849,892,1040,1.63,Nov 2025
Don’t buy this probiotic.. | Keep everything running smoothly | Biotic⁺ | Static | Static | Text focus | Challenger | Poo | Solution Chaser | SC - Trust rebuild through evidence | Solution aware | Heights Internal | A/B test | 3.26,Biotic,False,False,,Internal,1258,252,1258,2,2026-02-17,2026-02-18,2026-03-04,14,14,Ageing,False,False,435,445,378,0,1.26,Feb 2026
"Cortisol | IG story - running the show | Vitals⁺ | Lo-fi | Static |  | UGC | Personal story | Personal Problem/Benefit - Cortisol, Personal Problem/Benefit - Focus | Problem Aware | Heights | Energy LP |  | Delivery #21.25",Vitals,False,False,,Internal,4832,88,4832,1,2025-10-29,2025-11-07,2025-11-19,12,29,Ageing,False,False,1033,2582,1216,0,1.61,Nov 2025
"Customer review | Adam | Vitals⁺ + Biotic⁺ + Magnesium⁺, Ultimate Health Trio | Static | Static |  | Product imagery, Customer quote, Discount |  | Personal Problem/Benefit - Sleep | BOFU | Heights | Ultimate Health Trio LP |  | Delivery #14.25",Vitals,True,False,,Internal,4761,170,4761,1,2025-07-24,2025-07-24,2025-08-04,11,44,Ageing,False,False,756,3286,719,0,1.59,Jul 2025
"Customer review | Lorna | Vitals⁺ | Lo-fi | Static |  | UGC, Customer quote, Comparison |  | Personal Problem/Benefit -  Energy, Personal Problem/Benefit - Muscle recovery, Personal Problem/Benefit - Performance | MOFU | Heights | PDP |  | Delivery #14.25",Vitals,False,False,,Internal,8104,98,6654,2,2025-07-21,2025-07-21,2025-08-09,19,44,Ageing,False,False,367,1351,1783,2504,2.22,Jul 2025
"Customer reviews | Intro bundle - Lorraine L | Vitals + Magnesium⁺ + Sleep Mask | Static | Static |  | Product imagery, Customer quote |  | Personal problem - Parenting, Personal Problem/Benefit -  Sleep & energy, Personal Problem/Benefit - Immunity | MOFU | Heights | Intro Bundle LP |  | Delivery #9.25",Vitals,True,False,,Internal,11516,105,7795,5,2025-05-13,2025-05-13,2025-05-21,8,54,Ageing,False,False,2579,2955,1529,716,2.6,May 2025
"Customer reviews | Really starting to see a difference - light blue blue | Biotic⁺ | Static | Static | Customer Quote, Product Imagery | Personal story | Gut health, Poo | Health Optimiser | SC - Predictability = Freedom | Problem aware | Heights Internal | A/B test | 3.26",Biotic,False,False,,Internal,1339,335,1339,2,2026-02-17,2026-02-17,2026-02-25,8,14,Ageing,False,False,756,583,0,0,1.34,Feb 2026
DOAC new edit_Style 1_Hi-fi_Video_Podcast_Vitals_Delivery #14,Vitals,False,False,,Internal,21032,59,14773,4,2024-11-10,2025-01-01,2025-01-04,3,73,Ageing,False,False,5464,4607,4702,0,4.92,Jan 2025
"Dan Podcast - Thrive - Ageing Masterclass | Hook 1 | Thrive⁺ | Hi-fi | Video | Podcast | Educational | Longevity | Health Optimiser | Ageing Well | Problem unaware, Problem aware | Heights Internal | Thrive 2 step | 3.26",Thrive,False,False,,Internal,1003,334,1003,1,2026-02-18,2026-02-18,2026-03-01,11,14,Ageing,False,False,444,560,0,0,1.0,Feb 2026
"Dan Podcast - Thrive - Cellular Health for Dummies [Lo-Fi] | Hook v3 | Thrive⁺ | Lo-fi | Video | UGC, Talking to Camera | Education | Science | Problem Unaware | Heights Internal | PDP 25.25",Thrive,False,False,,Internal,1887,270,1273,3,2025-12-22,2025-12-28,2026-01-02,5,22,Ageing,False,False,1094,156,23,0,1.27,Dec 2025
Dan Podcast - ‘Feel Like Yourself Again’ [Mike] | Hook V2 | Hi-fi | Video | Podcast | Vitals | 24.25,Vitals,False,False,,Internal,3651,85,3651,1,2025-12-09,2025-12-17,2026-01-05,19,23,Ageing,False,False,183,1276,1797,395,1.22,Dec 2025
"Dan VSL - Is it just hype? | Hook 3 | Vitals⁺ | Hi-fi | Video | VSL | Education | Scepticism | Solution Aware | YSC | Energy LP 25.25""",Vitals,False,False,,Internal,4278,116,4108,8,2025-12-24,2025-12-26,2026-01-02,7,22,Ageing,False,False,2341,1767,0,0,1.37,Dec 2025
Dan X Oli Podcast - Biotic | Hook 2 | Biotic⁺ | Hi-fi | Video | Podcast | Education | Problem/Benefit - Gut health | Problem Aware | YSC | PDP 25.25,Biotic,False,False,,Internal,1005,144,1005,1,2025-12-30,2025-12-30,2026-01-10,11,21,Ageing,False,False,555,451,0,0,1.01,Dec 2025
Dan intro bundle_best ever offer_Lo-fi_Video_Talking to camera_Vitals + Magnesium + Sleep Mask_Delivery #21,Vitals,True,False,,Internal,41421,48,18318,7,2024-12-28,2025-01-01,2025-01-06,5,73,Ageing,False,True,4009,4798,4972,3553,6.11,Jan 2025
"Dan podcast | Skeptic Spencer Matthews | Vitals⁺ | Hi-fi | Video | 45s-1m | Podcast, Broll | Inspirational | Customer story | Full funnel | Heights | Energy LP | @danmurrays | Delivery #20.25",Vitals,False,True,Spencer Matthews,Celeb,13214,106,11180,4,2025-10-21,2025-10-22,2025-11-09,18,31,Ageing,False,False,593,957,3589,5407,3.73,Oct 2025
"Don’t buy this probiotic.. | Reach your gut alive | Biotic⁺ | Static | Static | Text focus | Challenger | Gut health, Bacteria survivability | Solution Chaser | SC - Trust rebuild through evidence | Solution aware | Heights Internal | A/B test | 3.26",Biotic,False,False,,Internal,1052,210,1052,2,2026-02-17,2026-02-18,2026-02-26,8,14,Ageing,False,False,868,184,0,0,1.05,Feb 2026
Image | Hambi |  | Iteration_[01/10]_[Heights Vitals]_[Not Your Average Multivitamin] | Solution Aware | Iterations | Framework | Angle Test | 8 | V8,Vitals,False,False,,Hambi,8006,92,7999,3,2025-10-28,2025-11-02,2025-11-11,9,30,Ageing,False,False,2245,2322,2314,1117,2.67,Nov 2025
"Don’t buy this probiotic.. | Support from the inside out | Biotic⁺ | Static | Static | Text focus | Challenger | Energy, Focus, Immunity | Health Optimiser | HO - Clean inputs clean outputs | Solution aware | Heights Internal | A/B test | 3.26",Biotic,False,False,,Internal,1230,176,1230,2,2026-02-17,2026-02-18,2026-02-28,10,14,Ageing,False,False,515,716,0,0,1.23,Feb 2026
"Fatherhood Persona  | Too tired to play | Vitals⁺ | Lo-fi | Video | 30-45s | Compilation, Voiceover, AI | Personal story | Personal Problem/Benefit -  Energy, Personal problem - Busy lives, Personal problem - Parenting | Problem Aware | Icon | Intro Bundle LP |  | Delivery #21.25",Vitals,True,False,,Internal,4284,148,4284,2,2025-10-30,2025-10-30,2025-11-04,5,30,Ageing,False,False,3808,477,0,0,1.43,Oct 2025
"Free Magnesium | Blue shot | Vitals⁺ | Static | Static | Product Imagery, Discount | Ready to Buy | Heights Internal | Energy LP
25.25",Vitals,True,False,,Internal,6530,56,4700,4,2025-12-28,2025-12-28,2026-01-13,16,22,Ageing,False,False,121,1668,2182,709,1.57,Dec 2025
"Free Magnesium | Warm shot | Vitals⁺ | Static | Static | Product Imagery, Discount | Ready to Buy | Heights Internal | Energy LP25.25",Vitals,True,False,,Internal,52983,57,52290,6,2026-01-06,2026-01-06,2026-01-07,1,20,Ageing,False,True,27448,15073,8198,0,17.43,Jan 2026
"Hangover | Again? | Vitals⁺ | Lo-fi | Static |  | Product imagery, Text focus | Funny, Challenger | Seasonal | TOFU | Heights | Energy LP |  | Delivery #16.25",Vitals,False,False,,Internal,15066,90,9460,7,2025-08-18,2025-08-19,2025-08-31,12,40,Ageing,False,False,1154,3108,2452,2323,3.15,Aug 2025
Harlem shake |  | Lo-fi | Video | 20-30s | Trend | Energy | TOFU | Heights | Vitals⁺ | Delivery #8.25,Vitals,False,False,,Internal,8123,2031,3823,3,2025-05-01,2025-05-01,2025-05-22,21,56,Ageing,False,False,2254,313,390,728,1.27,May 2025
I'm an idiot__Lo-fi_Video_Talking to camera_Vitals + Magnesium⁺ + Sleep Mask_Delivery #2.25,Vitals,True,False,,Internal,17316,77,5080,5,2025-02-06,2025-02-06,2025-03-01,23,68,Ageing,False,False,15,7,1852,2648,1.69,Feb 2025
IMAGE | Bundle v1,Bundle,False,False,,Internal,64285,40,43793,3,2024-11-06,2025-01-01,2025-01-03,2,73,Ageing,False,True,9931,11582,10195,9601,14.6,Jan 2025
IMAGE | Bundle v2,Bundle,False,False,,Internal,19127,42,13574,3,2024-11-06,2025-01-01,2025-01-06,5,73,Ageing,False,True,4147,3566,3140,1928,4.52,Jan 2025
1.33 for x_Cortisol_Static_Static__Product imagery_Price positioning_BOFU_Heights_Vitals⁺_Delivery #4.25,Vitals,False,False,,Internal,4327,149,4327,3,2025-03-10,2025-03-24,2025-04-16,23,61,Ageing,False,False,33,428,1491,2090,1.44,Mar 2025
Image | HM | CM2 | DESIGN NET NEW: [C8]_[Vitals]_[Notes Section] | Problem Aware | Design | Framework | Menopause Pain-point Stacking | 4 | V2,Vitals,False,False,,Hambi,4235,94,4234,1,2025-12-28,2025-12-28,2026-01-07,10,22,Ageing,False,False,1336,2898,0,0,1.41,Dec 2025
Image | HM | CM4 | DESIGN NET NEW: [C8]_[Vitals]_[Instagram Story] | Problem Aware | Design | Framework | Angle Test | 4,Vitals,False,False,,Hambi,6498,118,5288,8,2026-02-09,2026-02-09,2026-02-28,19,15,Ageing,False,False,1150,567,1628,1448,1.76,Feb 2026
Image | Hambi |  | ITERATION: Iteration_[2/12]_[Sleep & Energy Bundle]_[Sleep & Energy Bundle Offer]  | Product Aware | Iterations | Framework | Bundle/Offer | 3,Bundle,True,False,,Hambi,14994,79,9043,3,2026-01-20,2026-01-20,2026-02-02,13,18,Ageing,False,False,978,2367,2837,2331,3.01,Jan 2026
“I’m sorry” hambi iterations | Vitals - green | Vitals⁺ | Static | Static | Text focus | Supportive | Busy lives | Problem Unaware | Heights Internal | Energy LP | 1.26,Vitals,False,False,,Hambi,3007,104,3007,2,2026-01-23,2026-01-24,2026-02-04,11,18,Ageing,False,False,1886,1120,0,0,1.0,Jan 2026
